REF_DATE,"Apple juice, 1.36 litres","Apples, 1 kilogram","Baby food, 128 millilitres","Bacon, 500 grams","Baked beans, canned, 398 millilitres","Bananas, 1 kilogram",Bathroom tissue (4 rolls),"Blade roast, 1 kilogram","Bread, 675 grams","Butter, 454 grams","Canned salmon, 213 grams","Carrots, 1 kilogram","Chicken, 1 kilogram",Cigarettes (200),"Coffee, instant, 200 grams","Coffee, roasted, 300 grams","Cooking or salad oil, 1 litre","Corn flakes, 675 grams","Deodorant, 60 grams","Eggs, 1 dozen","Evaporated milk, 385 millilitres",Facial tissue (200 tissues),"Flour, 2.5 kilograms","French fried potatoes, frozen, 1 kilogram","Ground beef, 1 kilogram","Homogenized milk, 4 litres","Ketchup, 1 litre","Macaroni, 500 grams","Mushrooms, 1 kilogram","Onions, 1 kilogram","Orange juice, 1 litre","Oranges, 1 kilogram",Paper towels (2 rolls),"Partly skimmed milk, 4 litres","Peanut butter, 500 grams","Pork chops, 1 kilogram","Potatoes, 4.54 kilograms","Prime rib roast, 1 kilogram","Processed cheese slices, 250 grams","Regular, unleaded gasoline at self-service stations, cents per litre","Round steak, 1 kilogram","Shampoo, 300 millilitres","Sirloin steak, 1 kilogram","Soda crackers, 450 grams","Soup, canned, 284 millilitres","Stewing beef, 1 kilogram","Sugar, white, 2 kilograms",Tea (72 bags),"Tomato juice, 1.36 litres","Tomatoes, canned, 796 millilitres","Toothpaste, 100 millilitres","Wieners, 450 grams"
2012-01,2.4265,3.9099999999999997,0.9659999999999999,5.761499999999999,1.2994999999999999,1.9779999999999998,2.8979999999999997,12.649999999999999,3.2085,5.0255,4.0825,1.8744999999999998,8.1535,96.669,7.543999999999999,6.9345,4.7265,5.3015,5.3245,3.5534999999999997,2.1734999999999998,2.6565,5.956999999999999,2.6334999999999997,10.177499999999998,,3.8524999999999996,1.7134999999999998,9.1885,1.702,4.5424999999999995,3.0475,2.9669999999999996,,3.6224999999999996,11.603499999999999,6.2215,26.610999999999997,3.1395,139.49499999999998,15.985,4.646,19.802999999999997,3.105,1.15,12.247499999999999,3.7719999999999994,4.910499999999999,2.576,1.7825,2.8175,3.9675
2012-02,2.415,3.933,0.9659999999999999,5.9799999999999995,1.3915,1.9894999999999998,2.921,12.983499999999998,3.1739999999999995,5.094499999999999,4.0135,1.863,7.957999999999999,96.74949999999998,7.5095,7.049499999999999,4.7265,5.335999999999999,5.140499999999999,3.703,2.2079999999999997,2.6219999999999994,6.095,2.6795,10.258,,3.8869999999999996,1.6789999999999998,9.418499999999998,1.702,4.646,2.9555,2.9784999999999995,,4.14,12.029,6.2675,25.7715,3.2775,142.82999999999998,15.9965,4.646,19.7455,3.082,1.1615,12.362499999999999,3.7604999999999995,4.991,2.6795,1.7939999999999998,2.76,3.9905
2012-03,2.4034999999999997,3.8869999999999996,0.9544999999999999,5.888,1.38,1.9665,2.875,12.948999999999998,3.2199999999999998,5.106,4.162999999999999,2.024,7.957999999999999,97.55449999999999,7.382999999999999,7.049499999999999,4.749499999999999,5.5085,5.094499999999999,3.565,2.162,2.576,6.026,2.7255,10.142999999999999,,3.8985,1.702,8.947,1.6674999999999998,4.5424999999999995,2.852,2.9669999999999996,,4.4159999999999995,12.120999999999999,6.117999999999999,27.1055,3.312,149.27,16.215,4.5655,20.0445,3.0934999999999997,1.1729999999999998,12.7075,3.703,4.944999999999999,2.7139999999999995,1.7939999999999998,2.7715,4.0595
2012-04,2.4034999999999997,3.8064999999999998,0.9659999999999999,5.8995,1.4029999999999998,1.9779999999999998,2.9899999999999998,12.983499999999998,3.1854999999999998,5.082999999999999,4.186,2.0585,8.1305,97.428,7.555499999999999,7.014999999999999,4.760999999999999,5.727,5.037,3.5304999999999995,2.1505,2.5989999999999998,6.0145,2.7715,10.212,,3.7489999999999997,1.6905,8.958499999999999,1.6789999999999998,4.5885,2.8864999999999994,3.013,,4.358499999999999,12.5465,6.1754999999999995,24.7365,3.2314999999999996,154.21499999999997,16.226499999999998,4.4965,20.3205,3.0934999999999997,1.1729999999999998,12.7995,3.7489999999999997,4.910499999999999,2.7024999999999997,1.7594999999999998,2.783,4.174499999999999
2012-05,2.4034999999999997,3.9444999999999997,0.9774999999999999,5.8995,1.426,1.9665,2.9899999999999998,12.834,3.1739999999999995,5.082999999999999,4.255,2.139,8.1075,97.497,7.2909999999999995,7.037999999999999,4.784,5.818999999999999,5.220999999999999,3.542,2.2079999999999997,2.576,6.002999999999999,2.7485,10.373,,3.7375,1.6444999999999999,9.222999999999999,1.6905,4.6114999999999995,3.036,2.9094999999999995,,4.4505,12.304999999999998,6.152499999999999,27.392999999999997,3.2544999999999997,148.35,16.468,4.5424999999999995,19.8145,3.1395,1.196,13.040999999999999,3.6685,4.956499999999999,2.783,1.7825,2.8059999999999996,4.0595
2012-06,2.4494999999999996,4.036499999999999,0.9774999999999999,5.842,1.4144999999999999,1.9549999999999998,2.9669999999999996,12.879999999999999,3.1854999999999998,5.0255,4.1975,2.139,8.096,97.6925,7.589999999999999,7.037999999999999,4.7955,5.727,5.06,3.542,2.2194999999999996,2.6219999999999994,5.9685,2.8405,10.626,,3.7949999999999995,1.6789999999999998,9.3495,1.7594999999999998,4.531,3.3234999999999997,2.9784999999999995,,4.4159999999999995,11.925499999999998,6.4975,27.576999999999998,3.1969999999999996,143.98,16.2035,4.577,19.699499999999997,3.1395,1.2305,13.029499999999999,3.634,5.082999999999999,2.7715,1.7479999999999998,2.7255,3.9905
2012-07,2.5185,4.289499999999999,0.9774999999999999,5.9225,1.4144999999999999,1.9665,3.0475,13.063999999999998,3.1969999999999996,5.106,4.2204999999999995,2.2079999999999997,8.1535,97.336,7.6705,7.003499999999999,4.8415,5.807499999999999,5.2555,3.5189999999999997,2.2194999999999996,2.576,6.095,2.8175,10.556999999999999,,3.7834999999999996,1.7134999999999998,9.222999999999999,1.9434999999999998,4.5195,3.3465,2.9555,,4.427499999999999,12.247499999999999,6.727499999999999,27.554,3.2199999999999998,144.095,16.307,4.5424999999999995,19.906499999999998,3.1624999999999996,1.196,13.040999999999999,3.6224999999999996,5.1175,2.7715,1.817,2.8059999999999996,3.9789999999999996
2012-08,2.4724999999999997,4.4045,0.9774999999999999,5.911,1.4144999999999999,1.9665,3.0244999999999997,13.040999999999999,3.1739999999999995,5.037,4.2435,1.9665,7.935,96.7725,7.520999999999999,6.865499999999999,4.8069999999999995,5.956999999999999,5.416499999999999,3.6224999999999996,2.2194999999999996,2.53,6.186999999999999,2.8405,10.464999999999998,,3.6799999999999997,1.702,9.453,2.0355,4.508,3.3465,2.9784999999999995,,4.484999999999999,12.4315,6.635499999999999,27.300999999999995,3.2085,147.66,16.4565,4.853,20.424,3.1739999999999995,1.2075,13.052499999999998,3.6685,5.0714999999999995,2.7715,1.7825,3.0244999999999997,3.9675
2012-09,2.4034999999999997,4.4159999999999995,0.9774999999999999,5.956999999999999,1.4144999999999999,1.8859999999999997,3.0589999999999997,12.8685,3.105,5.0024999999999995,4.209,1.8974999999999997,7.9925,96.79549999999999,7.555499999999999,6.9805,4.749499999999999,5.807499999999999,5.082999999999999,3.6454999999999997,2.1505,2.5989999999999998,6.095,2.8289999999999997,10.373,,3.7949999999999995,1.6789999999999998,9.039,1.9434999999999998,4.553999999999999,3.2199999999999998,3.036,,4.462,12.109499999999999,6.095,28.013999999999996,3.2429999999999994,150.765,16.33,4.4735,20.148,3.082,1.1384999999999998,12.649999999999999,3.5765,4.853,2.7715,1.7249999999999999,2.7944999999999998,3.8754999999999997
2012-10,2.484,4.4735,0.9774999999999999,5.945499999999999,1.4029999999999998,1.9549999999999998,3.0704999999999996,13.006499999999999,3.1739999999999995,5.0024999999999995,4.358499999999999,1.7939999999999998,8.1305,96.70349999999999,7.475,6.773499999999999,4.7955,6.0375,5.1175,3.6914999999999996,2.1045,2.5989999999999998,5.669499999999999,2.852,10.464999999999998,,3.7719999999999994,1.6789999999999998,9.0505,1.8399999999999999,4.438999999999999,3.2544999999999997,3.0475,,4.5195,12.4315,5.842,25.817499999999995,3.2889999999999997,148.695,16.3415,4.4505,19.9985,3.082,1.1615,12.741999999999999,3.5304999999999995,4.910499999999999,2.6565,1.7134999999999998,2.7369999999999997,4.093999999999999
2012-11,2.4379999999999997,4.358499999999999,0.9659999999999999,5.864999999999999,1.4144999999999999,1.9434999999999998,3.036,13.328499999999998,3.1854999999999998,5.048499999999999,4.289499999999999,1.8285,7.877499999999999,97.04849999999999,7.497999999999999,6.9575,4.703499999999999,5.842,5.129,3.7834999999999996,2.024,2.6334999999999997,5.704,2.8635,10.775499999999997,,3.8754999999999997,1.6329999999999998,9.395499999999998,1.771,4.4735,3.4959999999999996,3.0475,,4.531,12.3165,5.888,27.14,3.1854999999999998,140.07,16.295499999999997,4.4735,18.917499999999997,3.0934999999999997,1.2075,12.304999999999998,3.634,5.0024999999999995,2.7024999999999997,1.7249999999999999,2.8059999999999996,4.071
2012-12,2.4724999999999997,4.1975,0.9429999999999998,5.8765,1.4144999999999999,1.9549999999999998,2.9784999999999995,13.270999999999997,3.2199999999999998,4.9334999999999996,4.289499999999999,1.817,7.911999999999999,97.7615,7.4635,6.853999999999999,4.7265,5.6925,5.082999999999999,3.7375,2.1045,2.6565,5.600499999999999,2.8635,10.6375,,3.7489999999999997,1.6674999999999998,8.901,1.7134999999999998,4.553999999999999,3.4499999999999997,3.013,,4.508,12.362499999999999,5.600499999999999,27.956499999999995,3.2544999999999997,136.39,16.1345,4.393,19.8145,3.0934999999999997,1.2189999999999999,12.5465,3.4499999999999997,4.968,2.691,1.7594999999999998,2.8405,4.162999999999999
2013-01,2.415,4.4045,0.9774999999999999,5.7385,1.426,1.9204999999999999,2.9555,13.328499999999998,3.2199999999999998,5.0255,4.358499999999999,1.7939999999999998,8.2915,98.00299999999999,7.578499999999999,6.773499999999999,4.6805,5.75,5.1635,3.7375,2.1849999999999996,2.576,6.0375,2.8175,10.419,,3.8985,1.6329999999999998,8.763,1.7479999999999998,4.6575,3.1165,3.0244999999999997,,4.4505,12.1325,6.0835,26.599499999999995,3.1165,136.27499999999998,16.318499999999997,4.393,20.3665,3.0244999999999997,1.196,12.373999999999999,3.634,4.968,2.7255,1.6789999999999998,2.8059999999999996,4.093999999999999
2013-02,2.415,4.278,0.9659999999999999,5.864999999999999,1.4144999999999999,1.9549999999999998,2.8979999999999997,13.7655,3.2775,5.014,4.324,1.9434999999999998,7.969499999999999,98.04899999999999,7.5095,6.8885,4.669,5.772999999999999,5.1635,3.7375,2.1505,2.5989999999999998,5.8305,2.8059999999999996,10.936499999999999,,3.933,1.6099999999999999,9.177,2.0355,4.691999999999999,2.921,3.0244999999999997,,4.3815,12.212999999999997,5.9799999999999995,27.0365,3.1854999999999998,148.35,16.525499999999997,4.393,20.7805,3.036,1.1384999999999998,12.535,3.5074999999999994,4.991,2.7024999999999997,1.7365,2.8405,4.1975
2013-03,2.4265,4.427499999999999,0.9544999999999999,5.9685,1.3569999999999998,1.9665,2.9899999999999998,13.593,3.312,5.037,4.3355,2.001,8.2455,98.6125,7.659,6.8885,4.6805,5.6579999999999995,5.06,3.7144999999999997,2.0585,2.5989999999999998,5.623499999999999,2.8059999999999996,10.844499999999998,,3.7949999999999995,1.6329999999999998,9.062,2.1045,4.553999999999999,2.921,3.0589999999999997,,4.2435,12.362499999999999,5.52,27.473499999999998,3.2314999999999996,148.46499999999997,16.4335,4.369999999999999,20.3435,3.0475,1.15,12.764999999999999,3.4499999999999997,4.991,2.7369999999999997,1.7365,2.76,4.036499999999999
2013-04,2.4724999999999997,4.3355,0.9659999999999999,6.0489999999999995,1.38,1.9434999999999998,3.0475,13.961,3.3005,4.956499999999999,4.3125,2.0469999999999997,8.234,98.66999999999999,7.589999999999999,6.762,4.7379999999999995,5.8995,5.129,3.703,2.162,2.6104999999999996,5.6579999999999995,2.783,10.7985,,3.8064999999999998,1.6444999999999999,8.809,2.139,4.462,3.013,3.0934999999999997,,4.232,11.982999999999999,5.635,26.162499999999998,3.2314999999999996,144.21,16.445,4.438999999999999,20.654,3.105,1.1384999999999998,12.8915,3.6109999999999998,5.06,2.6795,1.7134999999999998,2.783,4.1285
2013-05,2.4724999999999997,4.4505,0.9659999999999999,5.933999999999999,1.3915,1.8859999999999997,2.9899999999999998,14.052999999999999,3.3234999999999997,4.968,4.3815,2.0355,8.165,99.69349999999999,7.6819999999999995,6.7965,4.691999999999999,5.6465,5.048499999999999,3.7834999999999996,2.2194999999999996,2.5875,5.8765,2.7944999999999998,10.924999999999999,,3.7834999999999996,1.5984999999999998,9.1655,2.116,4.6114999999999995,3.2199999999999998,3.0704999999999996,,4.2204999999999995,12.19,5.727,25.955499999999997,3.2085,146.51,16.537,4.358499999999999,19.3315,3.128,1.196,13.305499999999999,3.565,5.129,2.8289999999999997,1.771,2.76,4.002
2013-06,2.415,4.4735,0.9544999999999999,5.9685,1.3684999999999998,1.9089999999999998,2.9669999999999996,13.926499999999999,3.3005,5.048499999999999,4.3125,2.116,8.072999999999999,99.58999999999999,7.6129999999999995,6.762,4.784,5.577499999999999,5.014,3.726,2.2194999999999996,2.6104999999999996,5.8534999999999995,2.7944999999999998,10.959499999999998,,3.5534999999999997,1.6099999999999999,9.245999999999999,2.162,4.5424999999999995,3.6224999999999996,3.0244999999999997,,4.1285,12.5235,6.347999999999999,26.0705,3.1395,150.64999999999998,16.479499999999998,4.358499999999999,19.941,3.1395,1.196,13.386,3.4844999999999997,4.968,2.783,1.7134999999999998,2.7485,3.9215
2013-07,2.461,4.5885,0.9544999999999999,5.933999999999999,1.38,1.8974999999999997,3.0014999999999996,13.983999999999998,3.3005,5.0255,4.3469999999999995,2.1275,8.165,99.26799999999999,7.497999999999999,6.739,4.749499999999999,5.6579999999999995,4.968,3.7604999999999995,2.1505,2.576,5.772999999999999,2.783,10.775499999999997,,3.7489999999999997,1.5984999999999998,9.1885,2.1965,4.438999999999999,3.6914999999999996,3.0704999999999996,,4.105499999999999,12.753499999999999,7.1185,26.921499999999998,3.1969999999999996,152.48999999999998,16.525499999999997,4.3815,20.170999999999996,3.151,1.1844999999999999,13.2825,3.5189999999999997,5.048499999999999,2.8175,1.7134999999999998,2.7944999999999998,3.9444999999999997
2013-08,2.4724999999999997,4.6805,0.9659999999999999,6.026,1.4375,1.8859999999999997,2.9324999999999997,13.834499999999998,3.312,5.129,4.484999999999999,2.0355,8.372,99.33699999999999,7.2219999999999995,6.739,4.760999999999999,5.704,4.944999999999999,3.7489999999999997,2.231,2.5875,6.0835,2.7139999999999995,10.775499999999997,,3.8524999999999996,1.5869999999999997,9.016,2.3114999999999997,4.4735,3.6914999999999996,3.0014999999999996,,4.036499999999999,12.615499999999999,7.452,27.323999999999998,3.2199999999999998,150.87999999999997,16.7095,4.393,20.009999999999998,3.105,1.2075,13.248,3.4959999999999996,4.944999999999999,2.783,1.7594999999999998,2.7255,3.9559999999999995
2013-09,2.392,4.5655,0.9774999999999999,6.3134999999999994,1.3915,1.8285,3.0475,13.915,3.2199999999999998,5.129,4.5424999999999995,1.9434999999999998,8.1305,99.34849999999999,7.6705,6.785,4.703499999999999,5.727,5.06,3.703,2.1734999999999998,2.6334999999999997,5.8534999999999995,2.7485,10.924999999999999,,3.6224999999999996,1.5984999999999998,9.119499999999999,2.2194999999999996,4.703499999999999,3.5189999999999997,3.013,,4.0135,12.879999999999999,6.865499999999999,27.2205,3.2429999999999994,149.845,16.491,4.4735,20.6195,3.0934999999999997,1.1844999999999999,13.1215,3.5074999999999994,4.887499999999999,2.7944999999999998,1.7134999999999998,2.7485,3.9215
2013-10,2.4494999999999996,4.508,0.9659999999999999,6.290499999999999,1.4144999999999999,1.9204999999999999,2.9784999999999995,13.788499999999999,3.2659999999999996,5.1175,4.898999999999999,1.8859999999999997,8.360499999999998,99.728,7.6129999999999995,6.7505,4.622999999999999,5.9225,4.956499999999999,3.726,2.093,2.6565,5.7155,2.8289999999999997,10.970999999999998,,3.7834999999999996,1.5869999999999997,9.1655,2.07,4.6114999999999995,3.5994999999999995,2.9555,,4.105499999999999,12.971999999999998,6.485999999999999,26.254499999999997,3.2085,142.36999999999998,16.514,4.4045,21.010499999999997,3.0244999999999997,1.1615,13.1905,3.3925,5.0714999999999995,2.6219999999999994,1.6905,2.6795,4.117
2013-11,2.3345,4.393,0.9544999999999999,6.186999999999999,1.38,1.8744999999999998,3.0475,13.788499999999999,3.3349999999999995,5.094499999999999,5.037,1.9204999999999999,8.038499999999999,99.613,7.406,6.658499999999999,4.7379999999999995,5.727,5.0255,3.7949999999999995,2.07,2.6795,5.8305,2.7485,10.879,,3.9099999999999997,1.541,9.016,2.0469999999999997,4.703499999999999,3.6224999999999996,2.9899999999999998,,4.048,12.741999999999999,6.4285,27.323999999999998,3.2429999999999994,140.875,16.9855,4.427499999999999,21.090999999999998,3.0475,1.15,12.983499999999998,3.473,5.106,2.7485,1.6789999999999998,2.783,4.162999999999999
2013-12,2.415,4.4045,0.9774999999999999,6.152499999999999,1.426,1.8744999999999998,2.9669999999999996,13.777,3.2775,5.0714999999999995,5.106,1.8974999999999997,8.049999999999999,99.544,6.968999999999999,6.6125,4.7379999999999995,5.7844999999999995,4.9334999999999996,3.7375,2.1045,2.7369999999999997,5.566,2.8405,11.0055,,3.8985,1.541,9.107999999999999,2.0585,4.646,3.5879999999999996,2.9555,,4.105499999999999,12.695999999999998,6.233,27.369999999999997,3.2429999999999994,142.48499999999999,16.755499999999998,4.4045,20.941499999999998,3.0589999999999997,1.15,13.11,3.3349999999999995,5.0255,2.7255,1.6905,2.76,4.174499999999999
2014-01,2.3114999999999997,4.301,0.9774999999999999,6.302,1.3339999999999999,1.8859999999999997,2.921,13.7655,3.2544999999999997,4.991,5.175,1.8515,8.061499999999999,99.62449999999998,7.2795,6.658499999999999,4.7379999999999995,5.531499999999999,5.037,3.7719999999999994,2.1965,2.7369999999999997,5.991499999999999,2.783,11.235499999999998,,3.8985,1.5525,9.107999999999999,1.9665,4.358499999999999,3.4499999999999997,2.921,,3.9559999999999995,12.764999999999999,6.186999999999999,27.1515,3.1739999999999995,142.48499999999999,16.778499999999998,4.484999999999999,21.022,2.9669999999999996,1.1384999999999998,13.052499999999998,3.4499999999999997,5.106,2.7715,1.7249999999999999,2.7944999999999998,4.14
2014-02,2.415,4.427499999999999,0.9774999999999999,6.256,1.3915,1.9089999999999998,2.8979999999999997,14.708499999999997,3.3234999999999997,5.037,5.152,1.9549999999999998,8.096,103.03999999999999,7.428999999999999,6.4975,4.7265,5.761499999999999,5.037,3.7834999999999996,2.1505,2.7715,5.945499999999999,2.8059999999999996,11.4885,,3.9559999999999995,1.541,9.062,2.1045,4.4965,3.8754999999999997,2.9324999999999997,,4.117,12.995,6.3595,28.795999999999996,3.1969999999999996,145.935,17.9285,4.427499999999999,21.918999999999997,3.0244999999999997,1.1615,14.351999999999999,3.3349999999999995,5.0255,2.7944999999999998,1.6789999999999998,2.8289999999999997,4.117
2014-03,2.3345,4.5424999999999995,1.0005,6.382499999999999,1.3915,1.9319999999999997,2.8864999999999994,15.628499999999999,3.2314999999999996,5.1979999999999995,5.106,2.1275,8.061499999999999,106.01849999999999,7.394499999999999,6.3595,4.7265,5.772999999999999,4.887499999999999,3.7375,2.162,2.7485,5.8765,2.76,12.005999999999998,,3.7719999999999994,1.5755,9.2805,2.2194999999999996,4.2435,3.9789999999999996,2.9669999999999996,,4.048,12.925999999999998,6.4285,29.095,3.2085,151.10999999999999,18.089499999999997,4.3815,22.470999999999997,3.036,1.1844999999999999,14.812,3.404,5.0714999999999995,2.7715,1.6674999999999998,2.76,4.14
2014-04,2.415,4.553999999999999,1.0234999999999999,6.5435,1.426,1.9434999999999998,2.9669999999999996,16.0655,3.3579999999999997,5.2669999999999995,5.289999999999999,2.231,8.176499999999999,106.81199999999998,7.4864999999999995,6.3709999999999996,4.703499999999999,5.7155,4.922,3.7949999999999995,2.116,2.7485,5.566,2.7715,11.982999999999999,,3.7604999999999995,1.5755,9.1655,2.553,4.4159999999999995,3.8295,2.9784999999999995,,4.093999999999999,13.9035,6.3709999999999996,28.956999999999997,3.2314999999999996,154.445,18.4115,4.427499999999999,23.137999999999998,3.0704999999999996,1.1844999999999999,15.203,3.2775,5.0024999999999995,2.6679999999999997,1.6674999999999998,2.7944999999999998,4.3469999999999995
2014-05,2.4034999999999997,4.5655,1.035,7.153,1.4605,1.9434999999999998,2.921,16.421999999999997,3.312,5.175,5.2669999999999995,2.3,8.2225,108.46799999999999,7.314,6.21,4.714999999999999,5.7385,4.9334999999999996,3.8064999999999998,2.2194999999999996,2.783,6.026,2.783,12.281999999999998,,3.6454999999999997,1.6214999999999997,9.119499999999999,2.6219999999999994,4.462,4.0135,3.0475,,4.002,14.512999999999998,6.531999999999999,29.738999999999997,3.128,155.02,18.848499999999998,4.3815,22.563,2.9784999999999995,1.1729999999999998,15.938999999999998,3.3349999999999995,5.014,2.7944999999999998,1.702,2.7369999999999997,4.324
2014-06,2.3804999999999996,4.5655,1.058,7.566999999999999,1.4605,1.9204999999999999,3.0244999999999997,16.445,3.2659999999999996,5.1865,5.313,2.323,8.1535,106.099,7.198999999999999,6.393999999999999,4.6805,5.864999999999999,4.8645000000000005,3.7604999999999995,2.1505,2.852,5.6925,2.875,12.649999999999999,,3.6685,1.6329999999999998,9.3725,2.5414999999999996,4.5655,4.071,3.0589999999999997,,4.002,14.812,6.601,30.3025,3.2314999999999996,158.585,18.963499999999996,4.324,22.839,3.105,1.1844999999999999,16.56,3.1739999999999995,5.06,2.8635,1.771,2.875,4.6114999999999995
2014-07,2.3574999999999995,4.6,1.058,7.578499999999999,1.4949999999999999,1.9204999999999999,3.013,16.674999999999997,3.2659999999999996,5.152,5.3245,2.3114999999999997,8.498499999999998,106.45549999999999,7.256499999999999,6.3595,4.749499999999999,5.75,4.749499999999999,3.7834999999999996,2.162,2.9094999999999995,5.818999999999999,2.8864999999999994,12.5465,,3.6799999999999997,1.6099999999999999,9.406999999999998,2.5185,4.577,3.7834999999999996,3.0475,,3.9905,14.674,6.968999999999999,31.141999999999996,3.1854999999999998,154.90499999999997,18.813999999999997,4.4159999999999995,23.529,3.0934999999999997,1.196,16.8475,3.2659999999999996,5.1175,2.8979999999999997,1.771,2.8979999999999997,4.6
2014-08,2.4265,4.6114999999999995,1.0695,7.8084999999999996,1.541,1.9204999999999999,3.0014999999999996,16.468,3.3234999999999997,5.1979999999999995,5.3705,2.2194999999999996,8.337499999999999,107.3065,7.371499999999999,6.485999999999999,4.7725,5.7385,4.784,3.6914999999999996,2.1505,2.8979999999999997,5.761499999999999,2.9669999999999996,12.488999999999999,,3.8869999999999996,1.6329999999999998,9.395499999999998,2.4955,4.6114999999999995,3.7375,3.0244999999999997,,4.0249999999999995,14.409499999999998,7.233499999999999,31.8665,3.312,150.535,18.929,4.438999999999999,23.7705,3.1624999999999996,1.1729999999999998,16.8245,3.2659999999999996,5.048499999999999,2.8864999999999994,1.817,2.8059999999999996,4.6575
2014-09,2.3689999999999998,4.622999999999999,1.058,7.819999999999999,1.4949999999999999,1.9089999999999998,3.036,17.043,3.1739999999999995,5.243999999999999,5.427999999999999,2.07,8.625,107.3985,7.337,6.865499999999999,4.7379999999999995,5.6465,4.8069999999999995,3.726,2.162,2.921,5.842,2.9899999999999998,13.11,,3.9675,1.5869999999999997,9.637,2.254,4.553999999999999,3.542,2.9669999999999996,,4.0249999999999995,14.719999999999999,6.635499999999999,32.5105,3.2544999999999997,149.15499999999997,20.205499999999997,4.324,24.644499999999997,3.105,1.1039999999999999,17.112,3.3465,5.014,2.8405,1.8515,2.852,4.6575
2014-10,2.3574999999999995,4.484999999999999,1.0695,7.877499999999999,1.564,1.9204999999999999,3.013,17.157999999999998,3.2314999999999996,5.243999999999999,5.4395,1.9089999999999998,8.6135,107.65149999999998,7.4174999999999995,7.175999999999999,4.749499999999999,5.623499999999999,4.9795,3.703,2.0469999999999997,2.9784999999999995,5.4395,3.082,13.501,,3.9099999999999997,1.5984999999999998,9.418499999999998,2.0585,4.6,3.5765,3.036,,3.9789999999999996,15.0075,6.279,31.256999999999998,3.312,142.945,20.1365,4.324,24.609999999999996,3.0475,1.1615,17.6295,3.2199999999999998,5.635,2.6565,1.817,2.7944999999999998,4.7955
2014-11,2.323,4.301,1.0695,7.9464999999999995,1.5065,1.9089999999999998,3.0014999999999996,17.4915,3.2889999999999997,5.2555,5.289999999999999,1.771,8.395,107.63999999999999,7.2795,7.1645,4.749499999999999,5.8305,5.082999999999999,3.703,2.07,2.9094999999999995,5.4624999999999995,3.0589999999999997,13.777,,4.0135,1.656,9.6025,1.9434999999999998,4.669,3.6224999999999996,3.013,,4.002,14.800499999999998,6.095,32.717499999999994,3.4269999999999996,132.01999999999998,20.3665,4.4505,24.483499999999996,3.013,1.1729999999999998,17.089,3.2889999999999997,5.0255,2.8635,1.8399999999999999,2.8175,4.898999999999999
2014-12,2.3804999999999996,4.3355,1.0924999999999998,7.6819999999999995,1.518,1.9089999999999998,2.9899999999999998,17.503,3.2659999999999996,5.1979999999999995,5.427999999999999,1.8285,8.5445,107.594,7.337,7.2909999999999995,4.749499999999999,5.7155,4.898999999999999,3.6799999999999997,2.0355,2.9324999999999997,5.566,3.0475,13.8805,,4.0135,1.656,9.453,1.8744999999999998,4.622999999999999,3.8524999999999996,3.0014999999999996,,3.9789999999999996,14.972999999999999,5.888,32.76349999999999,3.3925,118.67999999999999,20.791999999999998,4.4735,24.311,3.105,1.1729999999999998,18.009,3.1624999999999996,5.06,2.6795,1.9434999999999998,2.8175,4.991
2015-01,2.3804999999999996,4.289499999999999,1.0695,7.888999999999999,1.4375,1.9089999999999998,3.0244999999999997,17.6985,3.2659999999999996,5.2555,5.278499999999999,1.9434999999999998,8.578999999999999,108.652,7.4174999999999995,7.302499999999999,4.7725,5.600499999999999,5.0024999999999995,3.7489999999999997,2.1505,2.9669999999999996,5.864999999999999,3.105,13.788499999999999,,4.002,1.6674999999999998,9.533499999999998,1.9319999999999997,4.7265,3.657,3.0475,,3.9444999999999997,14.9385,6.417,32.9015,3.3349999999999995,104.18999999999998,21.090999999999998,4.508,24.1845,3.036,1.1615,17.709999999999997,3.312,5.129,2.852,1.9434999999999998,2.8405,5.0024999999999995
2015-02,2.415,4.289499999999999,1.081,7.866,1.541,1.9204999999999999,2.9899999999999998,18.331,3.2544999999999997,5.3015,5.416499999999999,2.162,8.5215,109.73299999999999,7.7509999999999994,7.371499999999999,4.7379999999999995,5.6465,5.06,3.7719999999999994,2.0814999999999997,2.9899999999999998,5.864999999999999,3.128,14.133499999999998,,3.9905,1.7479999999999998,9.637,2.0355,4.8185,3.7489999999999997,2.9784999999999995,,4.105499999999999,14.869499999999999,6.382499999999999,32.384,3.312,115.22999999999999,21.171499999999998,4.462,24.471999999999998,3.1395,1.1729999999999998,18.192999999999998,3.2314999999999996,5.129,2.7255,1.9204999999999999,2.8175,5.0255
2015-03,2.3804999999999996,4.2665,1.081,7.762499999999999,1.4949999999999999,1.9894999999999998,3.0589999999999997,18.009,3.2314999999999996,5.278499999999999,5.278499999999999,2.2769999999999997,8.533,109.7445,7.497999999999999,7.406,4.8069999999999995,5.473999999999999,5.140499999999999,3.8409999999999997,2.162,3.082,5.7844999999999995,3.0589999999999997,14.2945,,4.0249999999999995,1.8054999999999999,9.866999999999999,1.9319999999999997,4.760999999999999,3.7719999999999994,3.0589999999999997,,4.0595,14.9155,6.393999999999999,33.097,3.2889999999999997,122.36,21.3555,4.4735,25.138999999999996,3.2199999999999998,1.2189999999999999,18.3885,3.2314999999999996,5.140499999999999,2.852,1.863,2.783,5.0024999999999995
2015-04,2.461,4.162999999999999,1.0924999999999998,7.624499999999999,1.5525,1.9894999999999998,3.0704999999999996,18.423,3.3234999999999997,5.232499999999999,5.3705,2.3804999999999996,8.728499999999999,110.35399999999998,8.038499999999999,7.520999999999999,4.760999999999999,5.7385,5.106,3.8179999999999996,2.162,3.0704999999999996,5.7844999999999995,3.0014999999999996,14.478499999999999,,4.002,1.8399999999999999,9.6715,1.9089999999999998,4.669,3.8639999999999994,2.9784999999999995,,4.0595,14.869499999999999,6.347999999999999,31.165,3.404,121.89999999999999,21.6775,4.278,26.749,3.2429999999999994,1.242,18.8025,3.1969999999999996,5.140499999999999,2.7024999999999997,1.8744999999999998,2.8405,5.048499999999999
2015-05,2.507,4.3355,1.0924999999999998,7.337,1.518,1.9665,3.0244999999999997,18.699,3.404,5.313,5.278499999999999,2.4379999999999997,8.590499999999999,110.65299999999999,7.8545,7.5095,4.8645000000000005,5.7385,4.9795,3.7604999999999995,2.162,3.082,6.002999999999999,3.0704999999999996,14.536,,3.8524999999999996,1.8399999999999999,10.004999999999999,1.8744999999999998,4.83,3.9905,2.9555,,4.1285,14.765999999999998,6.4515,33.591499999999996,3.3005,129.26,21.700499999999998,4.4965,27.852999999999998,3.381,1.2535,19.481,3.2314999999999996,5.1635,2.8635,1.8859999999999997,2.8864999999999994,4.898999999999999
2015-06,2.392,4.369999999999999,1.081,7.371499999999999,1.5294999999999999,1.9779999999999998,3.0475,18.906,3.404,5.220999999999999,5.3245,2.4955,8.716999999999999,110.91749999999999,7.969499999999999,7.5095,4.8069999999999995,5.485499999999999,5.0255,3.7834999999999996,2.1965,2.9669999999999996,5.8995,3.1165,14.6625,,3.8179999999999996,1.8744999999999998,10.0625,1.9549999999999998,4.83,4.093999999999999,2.9899999999999998,,4.105499999999999,14.628,6.5089999999999995,35.8685,3.2199999999999998,136.61999999999998,21.9535,4.4159999999999995,28.301499999999997,3.4385,1.2994999999999999,19.688,3.2085,5.1865,2.921,1.8859999999999997,2.8405,4.898999999999999
2015-07,2.4724999999999997,4.427499999999999,1.058,7.2909999999999995,1.541,1.9665,3.013,19.0095,3.404,5.289999999999999,5.382,2.553,8.786,111.044,7.773999999999999,7.428999999999999,4.83,5.4624999999999995,5.082999999999999,3.8179999999999996,2.1965,3.0244999999999997,5.864999999999999,3.128,14.455499999999999,,3.8754999999999997,1.8974999999999997,9.912999999999998,2.093,4.7725,4.14,2.9784999999999995,,4.117,14.685499999999998,6.658499999999999,35.6615,3.3465,136.96499999999997,21.988,4.4159999999999995,28.807499999999997,3.404,1.2994999999999999,19.9525,3.2314999999999996,5.175,2.875,1.8515,2.8979999999999997,4.956499999999999
2015-08,2.4265,4.6,1.0695,7.6475,1.5755,1.9779999999999998,3.0014999999999996,18.515,3.4154999999999998,5.243999999999999,5.382,2.2769999999999997,8.7975,111.37749999999998,8.210999999999999,7.475,4.8069999999999995,5.681,5.014,3.8295,2.1965,2.9784999999999995,5.945499999999999,3.013,14.559,,3.9789999999999996,1.8859999999999997,9.9245,2.4494999999999996,4.7725,4.1285,3.0589999999999997,,4.162999999999999,14.9385,6.9575,36.2825,3.1624999999999996,132.25,21.746499999999997,4.4735,27.668999999999997,3.4499999999999997,1.3224999999999998,20.0215,3.2314999999999996,5.3015,2.9094999999999995,1.8859999999999997,2.8289999999999997,4.7725
2015-09,2.392,4.714999999999999,1.0924999999999998,7.659,1.472,1.9549999999999998,3.0014999999999996,18.572499999999998,3.4154999999999998,5.3935,5.3015,2.116,9.039,111.91799999999998,7.923499999999999,7.4635,4.7725,5.52,5.048499999999999,3.8524999999999996,2.1849999999999996,3.105,6.002999999999999,3.0704999999999996,14.904,,4.048,1.8399999999999999,10.0395,2.3114999999999997,4.784,3.9905,3.0014999999999996,,4.301,15.133999999999999,6.946,35.995,3.2775,121.66999999999999,21.9075,4.438999999999999,27.899,3.5074999999999994,1.265,19.7915,3.2544999999999997,5.313,2.875,1.8974999999999997,2.8635,4.749499999999999
2015-10,2.415,4.760999999999999,1.081,7.888999999999999,1.564,1.9434999999999998,2.9899999999999998,19.147499999999997,3.4385,5.3705,5.140499999999999,2.024,8.993,111.60749999999999,8.2225,7.452,4.691999999999999,5.75,5.1979999999999995,3.8295,2.139,3.1165,5.6579999999999995,3.128,15.2145,6.347999999999999,3.9675,1.863,10.0165,2.1965,4.669,4.0825,2.9899999999999998,5.669499999999999,4.2435,15.248999999999999,6.531999999999999,35.374,3.4499999999999997,119.485,22.218,4.4965,28.450999999999997,3.4154999999999998,1.2535,19.8605,3.1854999999999998,5.1635,2.5414999999999996,1.817,2.921,4.887499999999999
2015-11,2.3114999999999997,4.7379999999999995,1.058,7.6705,1.4605,1.9319999999999997,3.013,18.929,3.4154999999999998,5.404999999999999,5.220999999999999,2.0355,8.9355,112.18249999999999,7.9925,7.371499999999999,4.749499999999999,5.611999999999999,5.1865,3.8639999999999994,2.1505,3.036,5.5889999999999995,3.0704999999999996,14.788999999999998,6.347999999999999,4.1285,1.8515,10.327,2.1965,4.714999999999999,4.105499999999999,2.9555,5.669499999999999,4.2665,14.8235,6.4399999999999995,35.465999999999994,3.3465,119.255,21.965,4.5195,28.347499999999997,3.4385,1.265,19.526999999999997,3.1739999999999995,5.3015,2.8405,1.7479999999999998,2.9324999999999997,5.0024999999999995
2015-12,2.3459999999999996,4.853,1.0924999999999998,7.773999999999999,1.541,1.9204999999999999,3.0014999999999996,19.043999999999997,3.4154999999999998,5.359,5.1865,2.0814999999999997,8.854999999999999,112.17099999999999,7.8084999999999996,7.440499999999999,4.749499999999999,5.761499999999999,5.048499999999999,3.8639999999999994,2.1734999999999998,3.0704999999999996,5.5085,3.082,14.719999999999999,6.347999999999999,4.117,1.863,10.142999999999999,2.1849999999999996,4.7725,4.1514999999999995,2.944,5.669499999999999,4.3469999999999995,15.053499999999998,6.693,36.6965,3.4154999999999998,113.96499999999999,21.436,4.5424999999999995,27.784,3.4499999999999997,1.2994999999999999,19.2395,2.9555,5.359,2.7715,1.8974999999999997,2.9324999999999997,4.968
2016-01,2.3689999999999998,5.0255,1.0924999999999998,7.7395,1.4489999999999998,1.9665,2.9094999999999995,19.205,3.4959999999999996,5.485499999999999,5.037,2.139,8.671,112.8265,7.785499999999999,7.440499999999999,4.8185,5.8765,5.175,3.9215,2.231,3.0589999999999997,6.002999999999999,3.0475,14.6625,6.336499999999999,4.036499999999999,1.8054999999999999,10.2235,2.3,4.7379999999999995,4.036499999999999,2.9899999999999998,5.6579999999999995,4.2204999999999995,14.9385,6.727499999999999,36.891999999999996,3.2199999999999998,106.48999999999998,21.574,4.5885,27.6805,3.4385,1.2305,18.951999999999998,3.1854999999999998,5.289999999999999,2.8405,1.8285,3.0244999999999997,4.910499999999999
2016-02,2.3804999999999996,5.037,1.0924999999999998,7.716499999999999,1.541,1.9665,3.0014999999999996,19.481,3.4154999999999998,5.669499999999999,5.2555,2.461,8.440999999999999,113.97649999999999,7.843,7.440499999999999,4.7725,5.888,5.220999999999999,3.8409999999999997,2.1965,3.0704999999999996,5.8995,2.9669999999999996,14.512999999999998,6.5089999999999995,4.071,1.7594999999999998,10.3155,2.4955,4.531,4.071,3.0014999999999996,5.8534999999999995,4.255,14.386499999999998,6.4975,36.294,3.312,99.705,22.125999999999998,4.5424999999999995,27.450499999999998,3.4614999999999996,1.242,19.1705,3.1395,5.232499999999999,2.8059999999999996,1.8859999999999997,3.0244999999999997,4.956499999999999
2016-03,2.4379999999999997,5.2095,1.0924999999999998,7.923499999999999,1.564,1.9665,3.036,19.7915,3.4959999999999996,5.6579999999999995,5.129,2.5875,8.648,115.7475,8.038499999999999,7.475,4.853,5.6465,5.278499999999999,3.7719999999999994,2.2194999999999996,3.2085,5.75,3.0014999999999996,15.076499999999998,6.474499999999999,4.1514999999999995,1.7939999999999998,10.074,2.6104999999999996,4.8069999999999995,3.9905,2.9899999999999998,5.8534999999999995,4.232,14.95,6.715999999999999,37.0415,3.3349999999999995,105.685,22.654999999999998,4.577,28.266999999999996,3.473,1.2765,19.492499999999996,3.0934999999999997,5.2555,2.9094999999999995,1.8399999999999999,3.0014999999999996,4.910499999999999
2016-04,2.3804999999999996,5.1175,1.081,7.8545,1.5294999999999999,1.9665,3.0014999999999996,19.481,3.5189999999999997,5.704,5.06,2.6104999999999996,8.648,115.8395,7.831499999999999,7.382999999999999,4.7379999999999995,5.6465,5.1635,3.8179999999999996,2.2769999999999997,3.082,5.8765,3.036,14.696999999999997,6.4399999999999995,3.9559999999999995,1.771,9.866999999999999,2.53,4.6114999999999995,3.7949999999999995,3.0014999999999996,5.8305,4.14,14.329,6.8885,37.0415,3.2659999999999996,114.99999999999999,22.011,4.4965,28.427999999999997,3.4959999999999996,1.2765,19.872,3.1969999999999996,5.335999999999999,2.8405,1.9089999999999998,3.0475,5.082999999999999
2016-05,2.415,5.048499999999999,1.1039999999999999,7.935,1.518,1.9089999999999998,2.9324999999999997,19.538499999999996,3.4959999999999996,5.669499999999999,5.0255,2.7139999999999995,8.6595,115.94299999999998,7.866,7.2795,4.83,5.7844999999999995,5.243999999999999,3.8295,2.2655,3.2085,5.956999999999999,3.0244999999999997,14.6165,6.4515,3.8869999999999996,1.8054999999999999,10.177499999999998,2.576,4.714999999999999,3.726,3.0014999999999996,5.864999999999999,4.048,14.237,7.003499999999999,36.983999999999995,3.1969999999999996,119.71499999999999,21.9075,4.5655,28.841999999999995,3.5074999999999994,1.2765,19.825999999999997,3.1739999999999995,5.2555,2.8864999999999994,1.7939999999999998,3.1165,4.9334999999999996
2016-06,2.4034999999999997,5.1175,1.0924999999999998,7.797,1.5294999999999999,1.8974999999999997,2.9899999999999998,19.124499999999998,3.4959999999999996,5.577499999999999,4.956499999999999,2.783,8.648,116.219,7.8545,7.314,4.784,5.681,5.094499999999999,3.8295,2.231,3.1395,5.818999999999999,3.082,14.133499999999998,6.4515,3.8064999999999998,1.8054999999999999,10.051,2.576,4.5424999999999995,3.9675,3.0704999999999996,5.864999999999999,3.9559999999999995,14.075999999999999,7.5095,36.409,3.2199999999999998,124.88999999999999,21.056499999999996,4.324,28.772999999999996,3.6109999999999998,1.2765,19.526999999999997,3.1624999999999996,5.289999999999999,2.921,1.8744999999999998,3.0704999999999996,4.887499999999999
2016-07,2.461,5.014,1.1039999999999999,7.797,1.518,1.8974999999999997,3.0475,19.343,3.473,5.669499999999999,5.152,2.8289999999999997,8.866499999999998,116.42599999999999,7.866,7.256499999999999,4.760999999999999,5.6579999999999995,5.1175,3.8639999999999994,2.2079999999999997,3.0934999999999997,5.807499999999999,3.082,14.087499999999999,6.5089999999999995,3.8524999999999996,1.8285,9.763499999999999,3.082,4.622999999999999,3.9444999999999997,3.0589999999999997,5.8995,4.093999999999999,14.834999999999999,8.038499999999999,36.7195,3.105,117.41499999999998,21.1485,4.508,27.8875,3.565,1.3109999999999997,19.458000000000002,3.2659999999999996,5.416499999999999,2.875,1.8859999999999997,3.082,4.714999999999999
2016-08,2.4379999999999997,5.152,1.0924999999999998,7.9464999999999995,1.5065,1.863,3.0704999999999996,18.745,3.4385,5.6579999999999995,5.082999999999999,2.553,8.6135,116.57549999999999,7.969499999999999,7.2795,4.8069999999999995,5.7844999999999995,5.232499999999999,3.8524999999999996,2.2079999999999997,3.1854999999999998,5.818999999999999,3.0934999999999997,14.018499999999998,6.5089999999999995,3.9444999999999997,1.8054999999999999,10.0165,3.105,4.691999999999999,3.9444999999999997,3.0589999999999997,5.8995,4.093999999999999,14.489999999999998,8.199499999999999,35.925999999999995,3.0704999999999996,117.185,21.067999999999998,4.438999999999999,27.312499999999996,3.6799999999999997,1.3224999999999998,19.0095,3.312,5.382,2.875,1.8285,3.0014999999999996,4.714999999999999
2016-09,2.3689999999999998,5.037,1.0924999999999998,7.888999999999999,1.4605,1.8285,2.9094999999999995,18.2275,3.3579999999999997,5.5545,5.0255,2.254,8.578999999999999,117.047,7.6819999999999995,7.1415,4.553999999999999,5.5085,5.1635,3.8754999999999997,2.139,3.1624999999999996,5.611999999999999,2.9669999999999996,14.26,6.4515,3.8064999999999998,1.7249999999999999,9.936,2.4379999999999997,4.6114999999999995,3.9099999999999997,3.0244999999999997,5.8765,3.933,14.4325,7.406,36.064,3.0934999999999997,118.21999999999998,20.5275,4.4505,27.588499999999996,3.5534999999999997,1.2765,18.515,3.2199999999999998,5.129,2.8405,1.817,3.082,4.956499999999999
2016-10,2.3459999999999996,4.5885,1.0924999999999998,7.566999999999999,1.564,1.8399999999999999,2.9784999999999995,18.5495,3.2889999999999997,5.359,4.8645000000000005,2.0355,8.6595,117.85199999999999,7.8545,7.1645,4.531,5.416499999999999,5.2555,3.542,2.1505,3.1969999999999996,5.427999999999999,3.013,14.213999999999999,6.4975,3.8064999999999998,1.6789999999999998,10.0625,2.1045,4.4045,3.9099999999999997,3.0475,5.8995,3.933,14.133499999999998,7.0954999999999995,35.098,3.2544999999999997,122.705,20.791999999999998,4.3815,27.300999999999995,3.5879999999999996,1.2765,18.5955,3.128,5.1865,2.691,1.7939999999999998,3.1624999999999996,5.152
2016-11,2.3574999999999995,4.508,1.1155,7.452,1.5065,1.817,2.9784999999999995,18.319499999999998,3.1969999999999996,5.359,5.0024999999999995,2.001,8.360499999999998,117.93249999999999,7.520999999999999,7.175999999999999,4.5885,5.3015,5.1175,3.5765,2.139,3.1624999999999996,5.473999999999999,3.0244999999999997,13.845999999999998,6.4399999999999995,3.8524999999999996,1.6789999999999998,10.200499999999998,2.0355,4.5424999999999995,4.162999999999999,2.9899999999999998,5.8305,3.9099999999999997,14.225499999999998,7.4174999999999995,35.753499999999995,3.1854999999999998,116.14999999999999,20.493,4.462,25.5415,3.5994999999999995,1.288,17.825,3.082,5.2095,2.8405,1.7594999999999998,3.2085,4.956499999999999
2016-12,2.323,4.427499999999999,1.1155,7.371499999999999,1.4489999999999998,1.7939999999999998,2.921,18.4115,3.2199999999999998,5.404999999999999,5.0024999999999995,2.0469999999999997,8.602,117.66799999999998,7.348499999999999,7.106999999999999,4.5655,5.1865,5.06,3.5189999999999997,2.1505,3.2085,5.3245,3.036,13.696499999999999,6.462999999999999,3.6914999999999996,1.6214999999999997,9.901499999999999,2.0469999999999997,4.6575,4.0825,3.0589999999999997,5.8765,3.8064999999999998,14.3405,7.543999999999999,35.8915,3.1395,120.63499999999999,20.0905,4.508,25.7025,3.6109999999999998,1.288,17.503,3.036,5.152,2.7944999999999998,1.7479999999999998,3.1165,5.048499999999999
2017-01,2.4265,4.393,1.1384999999999998,7.2909999999999995,1.4144999999999999,1.7939999999999998,2.852,18.296499999999998,3.2429999999999994,5.473999999999999,4.9334999999999996,2.1849999999999996,8.556,118.56499999999998,7.2909999999999995,7.233499999999999,4.669,5.3935,5.175,3.5304999999999995,2.139,3.1969999999999996,5.761499999999999,3.0244999999999997,13.719499999999998,6.462999999999999,3.7489999999999997,1.6905,9.717499999999998,2.0814999999999997,4.6805,3.8639999999999994,3.128,5.8534999999999995,3.8639999999999994,13.9725,7.624499999999999,36.018,3.1739999999999995,129.03,20.3205,4.508,25.403499999999998,3.5534999999999997,1.2305,17.503,3.2429999999999994,5.140499999999999,2.7485,1.7825,3.082,5.037
2017-02,2.392,4.438999999999999,1.1384999999999998,7.440499999999999,1.518,1.817,2.8979999999999997,18.699,3.2775,5.497,5.0255,2.2194999999999996,8.360499999999998,119.35849999999999,7.773999999999999,7.210499999999999,4.6345,5.313,5.3475,3.5534999999999997,2.1965,3.151,5.5889999999999995,2.9555,13.822999999999999,6.4975,3.7719999999999994,1.6674999999999998,9.844,2.139,4.714999999999999,3.8754999999999997,3.105,5.864999999999999,3.9905,13.754,7.6475,34.948499999999996,3.1739999999999995,122.475,20.5275,4.6,25.817499999999995,3.5994999999999995,1.2535,18.009,3.1624999999999996,5.2095,2.8175,1.7249999999999999,3.105,5.06
2017-03,2.3804999999999996,4.427499999999999,1.1384999999999998,7.6935,1.4949999999999999,1.817,2.921,18.6185,3.2314999999999996,5.635,5.037,2.3345,8.2455,119.508,7.877499999999999,7.406,4.5885,5.3015,5.3935,3.542,2.139,3.082,5.6465,2.944,14.0415,6.4975,3.6914999999999996,1.702,9.5565,2.2194999999999996,4.760999999999999,3.8179999999999996,3.0934999999999997,5.8765,3.9444999999999997,13.638999999999998,7.566999999999999,36.31699999999999,3.1624999999999996,121.89999999999999,20.354999999999997,4.6575,25.955499999999997,3.5534999999999997,1.288,18.054999999999996,3.2544999999999997,5.2095,2.8059999999999996,1.771,3.0704999999999996,4.898999999999999
2017-04,2.3689999999999998,4.4965,1.127,7.969499999999999,1.564,1.817,2.921,18.63,3.2085,5.611999999999999,5.037,2.4034999999999997,8.337499999999999,121.09499999999998,7.659,7.589999999999999,4.5195,5.473999999999999,5.278499999999999,3.5879999999999996,2.162,3.1739999999999995,5.577499999999999,2.9669999999999996,14.213999999999999,6.485999999999999,3.657,1.6789999999999998,9.6945,2.231,4.577,3.9675,3.0934999999999997,5.8765,3.8754999999999997,14.2945,7.440499999999999,34.799,3.1739999999999995,133.515,20.538999999999998,4.6114999999999995,26.104999999999997,3.6454999999999997,1.265,18.296499999999998,3.1969999999999996,5.1635,2.783,1.7825,3.1739999999999995,5.1175
2017-05,2.4034999999999997,4.577,1.1155,8.119,1.4489999999999998,1.8054999999999999,2.9555,18.538,3.1854999999999998,5.611999999999999,5.129,2.5875,8.2455,121.40549999999999,7.337,7.475,4.6,5.5889999999999995,5.3245,3.5879999999999996,2.1965,3.1395,5.842,2.9784999999999995,14.237,6.474499999999999,3.4844999999999997,1.702,9.901499999999999,2.323,4.784,4.3355,3.1165,5.864999999999999,3.7719999999999994,14.1565,7.797,35.374,3.0934999999999997,127.535,20.861,4.6114999999999995,26.967499999999998,3.634,1.3339999999999999,18.5955,3.381,5.243999999999999,2.8405,1.6905,3.1624999999999996,4.956499999999999
2017-06,2.4379999999999997,4.853,1.1155,7.9925,1.472,1.8054999999999999,2.9899999999999998,18.825499999999998,3.2429999999999994,5.681,5.094499999999999,2.6334999999999997,8.337499999999999,122.797,7.624499999999999,7.578499999999999,4.553999999999999,5.3705,5.382,3.6224999999999996,2.1849999999999996,3.2085,5.7385,2.9669999999999996,14.029999999999998,6.485999999999999,3.565,1.6789999999999998,10.004999999999999,2.507,4.7725,4.8415,3.0704999999999996,5.864999999999999,3.7375,14.306,8.257,36.937999999999995,2.9784999999999995,122.475,20.906999999999996,4.669,27.197499999999998,3.657,1.3109999999999997,19.0555,3.1854999999999998,5.2095,2.921,1.771,3.1739999999999995,4.8185
2017-07,2.415,4.9795,1.1039999999999999,7.8084999999999996,1.4834999999999998,1.7939999999999998,2.9669999999999996,18.894499999999997,3.2429999999999994,5.681,5.014,2.6104999999999996,8.487,122.99249999999999,7.7395,7.5095,4.6345,5.427999999999999,5.048499999999999,3.634,2.1965,3.2429999999999994,5.5889999999999995,2.9669999999999996,14.018499999999998,6.474499999999999,3.5994999999999995,1.7249999999999999,9.786499999999998,2.53,4.7725,4.714999999999999,3.0934999999999997,5.864999999999999,3.7834999999999996,14.501499999999998,8.6365,37.8925,2.9669999999999996,123.05,21.1255,4.553999999999999,26.8985,3.6914999999999996,1.2994999999999999,19.366,3.2085,5.289999999999999,2.875,1.7825,3.1624999999999996,4.8069999999999995
2017-08,2.415,5.1175,1.1155,8.337499999999999,1.472,1.7825,2.9899999999999998,18.584,3.2775,5.6465,4.956499999999999,2.5414999999999996,8.578999999999999,123.257,7.532499999999999,7.566999999999999,4.6575,5.531499999999999,5.313,3.634,2.162,3.1739999999999995,5.669499999999999,3.0244999999999997,14.2715,6.462999999999999,3.5994999999999995,1.6905,10.004999999999999,2.553,4.703499999999999,4.4159999999999995,3.128,5.8534999999999995,3.8524999999999996,14.685499999999998,8.866499999999998,36.455,2.944,126.15499999999999,20.723,4.622999999999999,26.311999999999998,3.6685,1.3224999999999998,19.481,3.1739999999999995,5.289999999999999,2.944,1.771,3.1165,4.8185
2017-09,2.4265,5.232499999999999,1.1155,8.5445,1.541,1.771,2.9094999999999995,18.445999999999998,3.2199999999999998,5.669499999999999,5.0024999999999995,2.2655,8.6365,123.36049999999999,7.923499999999999,7.428999999999999,4.646,5.2669999999999995,5.140499999999999,3.6224999999999996,2.1965,3.2775,5.3935,2.944,14.317499999999997,6.462999999999999,3.8179999999999996,1.6674999999999998,9.6945,2.3459999999999996,4.622999999999999,4.048,3.0934999999999997,5.864999999999999,3.6914999999999996,14.190999999999999,8.0845,35.63849999999999,2.9555,133.39999999999998,20.262999999999998,4.5195,26.944499999999998,3.6685,1.2994999999999999,18.3655,3.151,5.278499999999999,2.9324999999999997,1.817,3.1624999999999996,5.0255
2017-10,2.392,4.887499999999999,1.127,8.165,1.564,1.7939999999999998,2.9555,18.4,3.2314999999999996,5.543,5.06,2.1505,8.5215,123.71699999999998,8.096,7.440499999999999,4.577,5.382,5.2095,3.6224999999999996,2.1505,3.1739999999999995,5.404999999999999,2.9555,13.926499999999999,6.4515,3.7834999999999996,1.6674999999999998,9.763499999999999,2.2655,4.577,3.9905,3.082,5.818999999999999,3.6799999999999997,14.3405,7.6935,35.259,3.082,129.26,20.228499999999997,4.7379999999999995,26.174,3.6685,1.3339999999999999,18.2505,3.082,5.313,2.8059999999999996,1.7825,3.2199999999999998,5.175
2017-11,2.3689999999999998,4.5424999999999995,1.1384999999999998,7.7509999999999994,1.5755,1.7939999999999998,3.0014999999999996,18.940499999999997,3.1854999999999998,5.497,5.1175,1.9779999999999998,8.487,123.85499999999999,8.004,7.348499999999999,4.6114999999999995,5.3705,5.140499999999999,3.6914999999999996,2.1849999999999996,3.2659999999999996,5.3705,3.0244999999999997,14.202499999999999,6.462999999999999,3.8064999999999998,1.6674999999999998,9.797999999999998,2.1505,4.646,4.255,3.0475,5.8305,3.6454999999999997,14.1565,8.199499999999999,35.960499999999996,3.1854999999999998,138.92,20.504499999999997,4.577,25.299999999999997,3.6224999999999996,1.3224999999999998,18.331,3.0589999999999997,5.359,2.9094999999999995,1.817,3.151,5.175
2017-12,2.392,4.5655,1.15,7.6475,1.541,1.7939999999999998,3.0704999999999996,18.515,3.2659999999999996,5.497,5.0714999999999995,2.0814999999999997,8.739999999999998,123.92399999999999,8.1305,7.256499999999999,4.577,5.313,5.106,3.6454999999999997,2.1734999999999998,3.2314999999999996,5.2669999999999995,2.9784999999999995,14.0415,6.4399999999999995,3.7834999999999996,1.6214999999999997,9.8555,2.1734999999999998,4.6575,4.438999999999999,3.0704999999999996,5.8305,3.7375,14.420999999999998,8.325999999999999,36.4205,3.1624999999999996,134.435,20.872499999999995,4.6805,26.0935,3.6685,1.2765,17.7445,3.0934999999999997,5.313,2.8979999999999997,1.8054999999999999,3.2085,5.082999999999999
2018-01,2.3804999999999996,4.6575,1.1384999999999998,7.716499999999999,1.4605,1.7939999999999998,3.0475,18.054999999999996,3.2429999999999994,5.5889999999999995,5.278499999999999,2.1734999999999998,8.739999999999998,124.85549999999998,7.969499999999999,7.497999999999999,4.5885,5.3705,5.1979999999999995,3.6685,2.1734999999999998,3.2085,5.5889999999999995,3.013,14.018499999999998,6.4399999999999995,3.8754999999999997,1.656,9.6715,2.2079999999999997,4.622999999999999,4.278,3.1739999999999995,5.8305,3.6914999999999996,13.8575,8.038499999999999,36.811499999999995,3.0244999999999997,138.68999999999997,20.447,4.7265,26.1165,3.6685,1.3224999999999998,17.572,3.105,5.313,2.783,1.7479999999999998,3.2544999999999997,5.106
2018-02,2.392,4.691999999999999,1.1615,7.7509999999999994,1.5065,1.8054999999999999,3.0704999999999996,18.733499999999996,3.1624999999999996,5.5889999999999995,5.2555,2.3114999999999997,8.6135,125.79849999999999,8.5445,7.497999999999999,4.4965,5.7155,5.313,3.7144999999999997,2.2194999999999996,3.1969999999999996,5.497,2.9555,13.926499999999999,6.4515,3.8639999999999994,1.6674999999999998,9.7405,2.2079999999999997,4.508,4.2665,3.2429999999999994,5.864999999999999,3.7604999999999995,13.9495,8.2685,35.742,3.1165,137.655,20.7805,4.646,25.840499999999995,3.6685,1.2994999999999999,18.101,3.0934999999999997,5.427999999999999,2.8979999999999997,1.7825,3.2544999999999997,5.152
2018-03,2.3459999999999996,4.8185,1.1729999999999998,7.6475,1.4605,1.817,3.036,18.445999999999998,3.128,5.5085,5.2555,2.4494999999999996,8.452499999999999,128.869,8.648,7.359999999999999,4.5655,5.8765,5.4624999999999995,3.7144999999999997,2.1045,3.2889999999999997,5.473999999999999,2.944,13.915,6.4515,3.9215,1.7134999999999998,9.936,2.1965,4.5885,4.071,3.1969999999999996,5.864999999999999,3.7144999999999997,13.696499999999999,8.2455,36.3285,3.0475,141.56499999999997,20.5735,4.7955,25.668,3.542,1.265,17.802,2.9669999999999996,5.3015,2.8405,1.7249999999999999,3.2659999999999996,5.1979999999999995
2018-04,2.415,4.6345,1.2535,7.8084999999999996,1.518,1.817,3.0475,18.9865,3.1395,5.577499999999999,5.3705,2.6104999999999996,8.625,132.802,8.866499999999998,7.371499999999999,4.5195,6.072,5.3245,3.7144999999999997,2.1965,3.2659999999999996,5.635,2.944,14.409499999999998,6.4515,3.8754999999999997,1.6789999999999998,10.051,2.231,4.622999999999999,4.002,3.1395,5.8765,3.8064999999999998,14.145,8.2225,36.823,3.0589999999999997,151.33999999999997,21.275,4.8069999999999995,25.920999999999996,3.5534999999999997,1.265,18.4575,3.1165,5.3245,2.852,1.7594999999999998,3.2085,5.094499999999999
2018-05,2.2769999999999997,4.910499999999999,1.3684999999999998,7.866,1.4144999999999999,1.8515,3.0934999999999997,18.515,3.2085,5.359,5.1865,2.7369999999999997,8.142,134.4235,8.004,6.3134999999999994,4.0595,6.0489999999999995,5.3705,3.473,2.2655,3.381,5.4624999999999995,3.0704999999999996,13.8575,6.5435,4.0135,1.5755,9.809499999999998,2.0814999999999997,4.703499999999999,3.9675,3.2314999999999996,5.945499999999999,3.542,13.650499999999997,8.877999999999998,34.649499999999996,3.0244999999999997,156.285,20.125,4.749499999999999,25.909499999999998,3.6799999999999997,1.3569999999999998,17.916999999999998,3.1165,4.887499999999999,2.8979999999999997,1.6674999999999998,3.2429999999999994,4.8645000000000005
2018-06,2.2885,5.2095,1.38,7.555499999999999,1.3569999999999998,1.8515,3.0014999999999996,18.4575,3.1739999999999995,5.313,5.2669999999999995,2.8289999999999997,8.1305,136.0565,8.1305,6.198499999999999,3.8869999999999996,6.21,5.2669999999999995,3.5304999999999995,2.231,3.3349999999999995,5.278499999999999,3.128,13.9725,6.474499999999999,4.0249999999999995,1.6444999999999999,9.591,2.2079999999999997,4.760999999999999,4.4965,3.1969999999999996,5.8534999999999995,3.5189999999999997,13.937999999999999,9.154,34.7645,2.9094999999999995,152.835,20.1365,4.83,26.231499999999997,3.8869999999999996,1.288,18.158499999999997,2.9669999999999996,4.991,2.9324999999999997,1.702,3.1969999999999996,4.956499999999999
2018-07,2.392,5.4624999999999995,1.3915,7.8545,1.4375,1.8399999999999999,3.0014999999999996,18.124,3.1969999999999996,5.451,5.0255,2.9555,8.4065,135.9185,8.027,6.152499999999999,3.933,6.0489999999999995,5.3245,3.542,2.2655,3.3579999999999997,5.1979999999999995,3.0704999999999996,13.4665,6.531999999999999,4.117,1.6329999999999998,9.9935,2.3574999999999995,4.7379999999999995,4.438999999999999,3.1739999999999995,5.864999999999999,3.4959999999999996,14.2945,9.4415,34.442499999999995,2.9669999999999996,153.98499999999999,20.5275,4.760999999999999,27.048,3.7719999999999994,1.3109999999999997,17.848,3.0704999999999996,4.9795,2.9555,1.6789999999999998,3.2199999999999998,4.887499999999999
2018-08,2.3459999999999996,5.1979999999999995,1.426,8.348999999999998,1.3339999999999999,1.7939999999999998,3.0589999999999997,18.584,3.1739999999999995,5.3935,4.8185,2.7255,8.4065,135.861,8.234,6.060499999999999,4.0249999999999995,6.324999999999999,5.232499999999999,3.6224999999999996,2.254,3.657,5.3015,3.0704999999999996,14.006999999999998,6.4975,4.1514999999999995,1.6214999999999997,10.154499999999999,2.4724999999999997,4.898999999999999,4.5195,3.2775,5.842,3.5879999999999996,14.0415,9.683,34.431,3.013,151.57,20.216999999999995,4.7725,25.633499999999998,3.7719999999999994,1.3339999999999999,18.319499999999998,3.105,4.8759999999999994,2.8979999999999997,1.6444999999999999,3.2775,4.760999999999999
2018-09,2.323,5.082999999999999,1.4144999999999999,8.360499999999998,1.4029999999999998,1.7939999999999998,3.0589999999999997,18.192999999999998,3.1624999999999996,5.451,5.106,2.4034999999999997,8.337499999999999,137.1145,8.4065,6.152499999999999,4.0595,6.106499999999999,4.922,3.5879999999999996,2.1849999999999996,3.8524999999999996,5.3935,2.9784999999999995,13.742499999999998,6.727499999999999,4.186,1.5869999999999997,10.395999999999999,2.2655,4.622999999999999,4.071,3.2889999999999997,6.026,3.6109999999999998,14.0415,9.096499999999999,34.385,2.9094999999999995,149.96,20.297499999999996,4.669,25.966999999999995,3.8179999999999996,1.2535,17.836499999999997,3.0014999999999996,5.014,2.8635,1.6905,3.2659999999999996,4.9334999999999996
2018-10,2.3689999999999998,4.703499999999999,1.426,8.061499999999999,1.4605,1.8054999999999999,3.0589999999999997,18.445999999999998,3.1624999999999996,5.485499999999999,5.3935,2.162,8.786,135.18249999999998,8.187999999999999,6.0835,4.048,6.2675,5.048499999999999,3.5304999999999995,2.162,3.8869999999999996,5.106,2.8635,13.730999999999998,6.739,4.186,1.656,9.959,2.139,4.703499999999999,4.232,3.2775,6.0375,3.5765,14.1565,9.084999999999999,31.97,3.1395,144.785,20.354999999999997,4.5424999999999995,24.84,3.8064999999999998,1.2535,17.365,3.0704999999999996,4.83,2.8405,1.7939999999999998,3.3695,5.152
2018-11,2.3459999999999996,4.6805,1.4375,7.969499999999999,1.4375,1.8054999999999999,3.036,18.2735,3.151,5.531499999999999,5.543,2.1275,8.716999999999999,134.757,8.1305,5.9685,4.002,6.4055,5.1175,3.565,2.139,3.7949999999999995,5.152,2.921,13.754,6.715999999999999,4.255,1.6099999999999999,9.878499999999999,2.1045,4.83,4.4505,3.2085,6.026,3.5304999999999995,13.8805,8.993,34.87949999999999,2.944,130.86999999999998,20.631,4.5655,25.622,3.8409999999999997,1.3109999999999997,16.951,2.9324999999999997,4.8069999999999995,2.875,1.6789999999999998,3.2775,5.129
2018-12,2.3574999999999995,5.129,1.4489999999999998,8.142,1.3684999999999998,1.7939999999999998,3.1395,18.158499999999997,3.2199999999999998,5.485499999999999,5.864999999999999,2.0469999999999997,8.648,135.102,8.0845,6.026,4.048,6.577999999999999,5.0024999999999995,3.565,2.1045,3.8295,4.9795,2.9669999999999996,13.1905,6.715999999999999,4.162999999999999,1.7134999999999998,10.154499999999999,2.093,4.784,4.6345,3.3579999999999997,6.0145,3.5534999999999997,13.845999999999998,9.3265,37.1565,2.9555,122.36,20.5275,4.6805,25.299999999999997,3.8985,1.3915,17.549,2.944,4.922,2.7369999999999997,1.7134999999999998,3.381,5.129
2019-01,2.4034999999999997,5.094499999999999,1.4605,8.372,1.38,1.8054999999999999,3.1969999999999996,17.9515,3.2544999999999997,5.681,5.8534999999999995,2.3114999999999997,8.648,136.2175,7.9464999999999995,6.129499999999999,4.0135,6.5089999999999995,5.220999999999999,3.542,2.2655,3.7834999999999996,5.427999999999999,3.0014999999999996,13.2825,6.7044999999999995,4.186,1.6214999999999997,9.866999999999999,2.3,4.944999999999999,4.1285,3.404,6.002999999999999,3.5879999999999996,14.179499999999999,9.6945,36.78849999999999,2.852,118.56499999999998,20.354999999999997,4.622999999999999,25.7485,3.8064999999999998,1.3684999999999998,17.549,3.0014999999999996,5.014,2.8059999999999996,1.7134999999999998,3.312,5.094499999999999
2019-02,2.3804999999999996,5.2669999999999995,1.4834999999999998,8.119,1.4605,1.7939999999999998,3.2775,18.63,3.2659999999999996,5.727,6.302,2.3459999999999996,8.625,137.1835,8.6595,6.336499999999999,4.105499999999999,6.646999999999999,5.2555,3.634,2.1849999999999996,4.186,5.335999999999999,3.0589999999999997,13.1215,6.7044999999999995,4.278,1.6214999999999997,10.2235,2.4265,4.7265,4.0825,3.565,6.002999999999999,3.5994999999999995,13.8575,9.844,36.144499999999994,3.1739999999999995,120.86499999999998,20.769,4.6805,25.691,3.726,1.4029999999999998,17.9515,2.852,5.0024999999999995,2.921,1.7939999999999998,3.4385,5.175
2019-03,2.3689999999999998,5.416499999999999,1.4605,8.187999999999999,1.4144999999999999,1.7939999999999998,3.128,18.423,3.151,5.7385,6.531999999999999,2.4724999999999997,8.3835,136.65449999999998,8.372,6.198499999999999,3.9559999999999995,6.577999999999999,5.3935,3.5765,2.1734999999999998,3.9559999999999995,5.220999999999999,3.0014999999999996,12.983499999999998,6.658499999999999,4.209,1.6674999999999998,9.959,2.5185,4.749499999999999,4.255,3.6685,5.9799999999999995,3.6109999999999998,13.478,10.108499999999998,36.638999999999996,2.9094999999999995,135.355,20.3205,4.6345,26.518999999999995,3.7604999999999995,1.3915,17.7675,2.9784999999999995,4.784,2.875,1.7479999999999998,3.4385,4.9795
2019-04,2.4034999999999997,5.3935,1.4489999999999998,8.061499999999999,1.4605,1.7939999999999998,3.1854999999999998,17.732999999999997,3.1395,5.577499999999999,6.6125,2.5185,8.556,137.4365,8.2225,6.152499999999999,4.0249999999999995,6.3595,5.289999999999999,3.6454999999999997,2.0585,4.1285,4.991,3.105,12.8685,6.681499999999999,4.117,1.6674999999999998,10.3155,2.6104999999999996,4.531,4.1975,3.4385,5.9685,3.5534999999999997,13.707999999999998,10.327,36.213499999999996,3.0934999999999997,148.92499999999998,20.148,4.760999999999999,26.404,3.7604999999999995,1.4489999999999998,17.537499999999998,2.9094999999999995,4.991,2.7255,1.8285,3.4499999999999997,5.1635
2019-05,2.392,5.5889999999999995,1.4489999999999998,8.004,1.472,1.7939999999999998,3.1969999999999996,18.572499999999998,3.2085,5.7155,6.520499999999999,2.7944999999999998,8.648,137.50549999999998,8.210999999999999,6.095,4.048,6.474499999999999,5.094499999999999,3.6454999999999997,2.2079999999999997,4.174499999999999,5.3475,3.013,12.995,6.681499999999999,4.0595,1.7249999999999999,9.9245,2.8405,4.7955,4.438999999999999,3.473,5.9685,3.542,14.029999999999998,10.545499999999999,37.49,3.013,150.30499999999998,20.412499999999998,4.691999999999999,26.047499999999996,3.8524999999999996,1.518,18.032,2.944,4.922,2.9324999999999997,1.7479999999999998,3.4844999999999997,4.922
2019-06,2.3689999999999998,5.7844999999999995,1.426,8.1305,1.38,1.7939999999999998,3.1969999999999996,19.159,3.2199999999999998,5.577499999999999,6.4055,3.0475,8.648,138.72449999999998,8.0845,6.186999999999999,3.933,6.336499999999999,5.175,3.6685,2.162,3.8985,5.451,3.013,13.1215,6.646999999999999,4.105499999999999,1.6789999999999998,10.579999999999998,3.013,4.8185,4.4735,3.6224999999999996,5.945499999999999,3.5879999999999996,14.098999999999998,10.9825,37.7315,2.9555,137.885,20.561999999999998,4.8415,26.886999999999997,3.8524999999999996,1.4949999999999999,18.423,2.875,4.8759999999999994,2.8979999999999997,1.7594999999999998,3.542,4.9795
2019-07,2.4955,5.5545,1.4489999999999998,8.210999999999999,1.5065,1.7825,2.9899999999999998,17.641,3.2314999999999996,5.933999999999999,6.715999999999999,3.151,8.877999999999998,138.621,7.659,5.864999999999999,3.7375,6.5665,5.037,3.703,2.3459999999999996,3.8869999999999996,5.1979999999999995,3.2775,12.488999999999999,6.669999999999999,4.048,1.8399999999999999,10.6145,3.1854999999999998,4.8185,4.186,3.4959999999999996,5.911,3.3925,13.822999999999999,11.431,37.915499999999994,2.7944999999999998,143.06,20.228499999999997,4.8185,25.4955,3.8639999999999994,1.3224999999999998,17.825,2.875,4.714999999999999,3.381,1.7479999999999998,3.5879999999999996,4.991
2019-08,2.507,5.727,1.5065,8.038499999999999,1.4834999999999998,1.7825,2.9324999999999997,18.112499999999997,3.2544999999999997,5.7844999999999995,6.773499999999999,2.76,8.498499999999998,138.3105,8.302999999999999,5.772999999999999,3.634,6.485999999999999,5.220999999999999,3.7375,2.254,3.8985,5.2669999999999995,3.3925,12.9145,6.635499999999999,4.14,1.771,10.487999999999998,3.1969999999999996,5.243999999999999,4.358499999999999,3.542,5.9225,3.3695,13.478,11.9485,37.88099999999999,2.8979999999999997,135.585,19.733999999999998,4.8185,25.4955,3.9905,1.4489999999999998,17.8825,2.8635,5.014,3.381,1.8285,3.5994999999999995,4.991
2019-09,2.4494999999999996,5.6925,1.541,8.096,1.3684999999999998,1.771,2.7485,17.962999999999997,3.2429999999999994,5.7155,6.681499999999999,2.691,8.556,138.46,8.049999999999999,5.5889999999999995,3.6799999999999997,6.095,5.175,3.8409999999999997,2.1505,3.933,5.313,3.542,13.420499999999999,6.624,4.2204999999999995,1.6674999999999998,10.545499999999999,2.783,4.6575,3.9559999999999995,3.5534999999999997,5.933999999999999,3.2429999999999994,13.8805,11.822,37.50149999999999,2.6449999999999996,134.435,19.630499999999998,4.749499999999999,25.783,3.9099999999999997,1.3224999999999998,17.916999999999998,2.8979999999999997,4.956499999999999,3.312,1.817,3.542,4.922
2019-10,2.4955,5.0714999999999995,1.564,8.4755,1.5869999999999997,1.7939999999999998,2.9094999999999995,17.365,3.2659999999999996,5.864999999999999,6.7044999999999995,2.3689999999999998,8.6825,139.1385,7.935,5.6465,3.5304999999999995,6.417,5.037,3.8754999999999997,2.1505,4.553999999999999,5.0255,3.473,13.270999999999997,6.669999999999999,4.209,1.8399999999999999,10.292499999999999,2.5989999999999998,4.6114999999999995,4.2435,3.5765,5.9799999999999995,3.4385,13.57,11.235499999999998,37.55899999999999,2.8979999999999997,134.78,19.964,4.7379999999999995,25.4955,3.9099999999999997,1.4949999999999999,17.779,2.8059999999999996,4.7955,3.2429999999999994,1.7365,3.657,5.5545
2019-11,2.484,4.8069999999999995,1.6329999999999998,8.440999999999999,1.3684999999999998,1.7939999999999998,2.8059999999999996,16.881999999999998,3.2429999999999994,5.807499999999999,6.681499999999999,2.231,8.464,139.748,7.4174999999999995,5.772999999999999,3.5304999999999995,6.485999999999999,4.7955,3.8639999999999994,2.2194999999999996,3.1854999999999998,5.0024999999999995,3.6109999999999998,13.443499999999998,6.5895,4.1975,1.817,10.154499999999999,2.484,4.83,4.427499999999999,3.6799999999999997,5.991499999999999,3.1969999999999996,13.316999999999998,10.8905,39.19199999999999,2.7715,132.25,19.918,4.749499999999999,25.7945,3.8985,1.3224999999999998,17.836499999999997,2.8175,4.956499999999999,3.404,1.7134999999999998,3.5765,5.382
2019-12,2.5185,5.0024999999999995,1.6789999999999998,8.142,1.38,1.7825,2.8289999999999997,17.790499999999998,3.2544999999999997,5.75,6.669999999999999,2.3114999999999997,8.096,139.96649999999997,7.8084999999999996,5.761499999999999,3.473,6.5895,4.922,3.8754999999999997,2.116,3.082,4.898999999999999,3.3695,13.524,6.6125,4.2204999999999995,1.7939999999999998,10.0395,2.553,4.622999999999999,4.289499999999999,3.634,5.991499999999999,3.2544999999999997,13.822999999999999,10.775499999999997,39.479499999999994,2.921,131.67499999999998,19.802999999999997,4.6805,25.438,3.9559999999999995,1.4144999999999999,17.641,2.7715,5.048499999999999,3.1739999999999995,1.6789999999999998,3.8524999999999996,5.635
2020-01,2.6104999999999996,4.9795,1.6789999999999998,7.877499999999999,1.4605,1.7825,2.9324999999999997,18.653,3.3005,5.704,7.003499999999999,2.231,8.5445,143.46249999999998,7.6819999999999995,5.6925,3.4499999999999997,6.693,5.037,4.002,2.231,3.082,5.175,3.4844999999999997,13.259499999999997,6.681499999999999,4.2204999999999995,1.7134999999999998,10.200499999999998,2.5185,5.014,4.186,3.4614999999999996,5.991499999999999,3.2544999999999997,13.478,10.9825,39.744,2.8059999999999996,131.79,19.964,4.669,25.0815,3.9444999999999997,1.3109999999999997,17.7675,2.9094999999999995,4.8759999999999994,3.3465,1.6905,3.7719999999999994,5.577499999999999
2020-02,2.5645,4.968,1.6674999999999998,8.2225,1.4489999999999998,1.7939999999999998,3.0244999999999997,18.009,3.3349999999999995,6.095,6.991999999999999,2.3804999999999996,8.578999999999999,144.371,8.533,5.772999999999999,3.542,6.669999999999999,4.944999999999999,4.002,2.07,3.1395,5.06,3.4959999999999996,13.029499999999999,6.7965,4.369999999999999,1.863,10.0395,2.5185,5.048499999999999,3.9559999999999995,3.5074999999999994,6.117999999999999,3.2199999999999998,13.8805,10.913499999999999,39.513999999999996,3.082,129.03,20.458499999999997,4.714999999999999,24.9205,3.8295,1.3339999999999999,17.825,2.783,5.037,3.3579999999999997,1.7594999999999998,3.933,5.681
2020-03,2.6219999999999994,5.0714999999999995,1.7365,8.004,1.4375,1.7825,2.9094999999999995,18.790999999999997,3.3349999999999995,5.991499999999999,6.9805,2.4379999999999997,8.739999999999998,144.71599999999998,8.119,5.75,3.5074999999999994,6.762,4.944999999999999,3.9215,2.0814999999999997,3.2314999999999996,5.152,3.6224999999999996,13.535499999999999,6.8309999999999995,4.4045,1.8859999999999997,10.4075,2.5875,4.8759999999999994,3.9905,3.5304999999999995,6.129499999999999,3.2429999999999994,13.270999999999997,11.246999999999998,40.525999999999996,2.9784999999999995,104.99499999999999,20.1365,4.6345,25.161999999999995,3.9905,1.38,17.755999999999997,2.9555,4.8415,3.2889999999999997,1.863,3.9444999999999997,5.795999999999999
2020-04,2.5875,4.887499999999999,1.7249999999999999,8.2915,1.6444999999999999,1.7825,3.1624999999999996,19.250999999999998,3.2544999999999997,5.945499999999999,6.946,2.6449999999999996,8.2915,145.521,7.762499999999999,5.7385,3.4614999999999996,6.681499999999999,4.8415,4.14,2.2079999999999997,3.5879999999999996,4.83,3.6454999999999997,13.742499999999998,6.819499999999999,4.4735,1.8515,10.3845,2.53,4.922,4.117,3.9789999999999996,6.106499999999999,3.2085,13.9725,11.994499999999999,38.214499999999994,3.2085,89.46999999999998,19.987,4.5885,25.886499999999998,3.9215,1.5869999999999997,18.354,2.8175,5.0255,3.3234999999999997,1.7594999999999998,3.8869999999999996,5.8995
2020-05,2.5645,4.956499999999999,1.6905,7.969499999999999,1.5755,1.8054999999999999,3.128,19.825999999999997,3.2659999999999996,5.956999999999999,7.13,2.8864999999999994,8.1075,145.4405,8.187999999999999,5.611999999999999,3.6799999999999997,6.819499999999999,4.7265,4.1285,2.3459999999999996,3.5189999999999997,5.5545,3.5074999999999994,14.593499999999999,6.773499999999999,3.9675,2.0355,10.4995,2.7139999999999995,5.082999999999999,4.427499999999999,3.7719999999999994,6.117999999999999,3.4269999999999996,13.777,12.776499999999999,41.894499999999994,3.082,105.11,21.758,4.427499999999999,27.335499999999996,4.048,1.5065,20.170999999999996,2.8405,5.037,3.2775,1.8744999999999998,3.7834999999999996,5.577499999999999
2020-06,2.53,5.082999999999999,1.6444999999999999,8.5215,1.4605,1.8054999999999999,3.0014999999999996,23.183999999999997,3.2775,5.842,7.153,3.0244999999999997,7.900499999999999,145.24499999999998,7.7395,5.795999999999999,3.5994999999999995,6.520499999999999,4.6805,4.1285,2.162,3.4844999999999997,5.473999999999999,3.6109999999999998,14.904,6.785,4.14,1.9894999999999998,10.879,2.7944999999999998,4.9795,4.669,3.6799999999999997,6.152499999999999,3.151,14.466999999999999,12.672999999999998,44.597,3.0934999999999997,116.14999999999999,25.219499999999996,4.358499999999999,30.682,4.0595,1.426,22.1835,2.7715,4.887499999999999,3.381,1.9089999999999998,3.6454999999999997,5.5889999999999995
2020-07,2.507,5.2669999999999995,1.6444999999999999,8.337499999999999,1.472,1.7939999999999998,2.8979999999999997,21.263499999999997,3.2429999999999994,5.888,7.268,3.128,8.5215,145.3255,7.877499999999999,5.727,3.5074999999999994,6.727499999999999,4.6114999999999995,4.162999999999999,2.2769999999999997,3.0704999999999996,5.4395,3.634,14.374999999999998,6.785,4.174499999999999,1.8285,10.924999999999999,2.875,4.898999999999999,5.037,3.6685,6.140999999999999,3.2429999999999994,14.2485,12.8225,42.6535,3.1395,121.32499999999999,21.1485,4.462,28.117499999999996,4.0825,1.5525,21.056499999999996,2.852,4.9334999999999996,3.4614999999999996,2.001,3.8754999999999997,5.140499999999999
2020-08,2.553,5.3015,1.7365,8.325999999999999,1.518,1.7939999999999998,3.0014999999999996,18.859999999999996,3.2659999999999996,5.933999999999999,7.302499999999999,2.9669999999999996,8.728499999999999,145.13,7.6819999999999995,5.7155,3.5304999999999995,6.853999999999999,4.6114999999999995,4.2204999999999995,2.1849999999999996,3.105,5.4624999999999995,3.542,13.443499999999998,6.7965,4.232,1.8515,10.556999999999999,2.875,4.944999999999999,4.5885,3.6224999999999996,6.117999999999999,3.1395,13.845999999999998,12.304999999999998,41.5035,3.1165,120.28999999999998,21.044999999999998,4.508,25.863499999999995,4.0135,1.3915,19.2395,2.76,4.7265,3.2775,1.9089999999999998,3.5994999999999995,5.0255
2020-09,2.4379999999999997,5.2669999999999995,1.7249999999999999,8.1305,1.4375,1.8054999999999999,2.9324999999999997,18.871499999999997,3.2659999999999996,6.1754999999999995,7.6015,2.6565,8.705499999999999,147.00449999999998,7.762499999999999,5.7385,3.5074999999999994,6.646999999999999,4.646,4.255,2.1965,3.0589999999999997,5.3475,3.5879999999999996,12.649999999999999,6.7965,4.289499999999999,1.7134999999999998,10.913499999999999,2.53,4.749499999999999,4.484999999999999,3.8064999999999998,6.095,3.0934999999999997,13.754,11.879499999999998,41.204499999999996,3.128,119.71499999999999,21.5165,4.369999999999999,25.99,3.9905,1.4144999999999999,19.182,2.7255,4.784,3.4499999999999997,1.8859999999999997,3.8179999999999996,5.152
2020-10,2.5875,5.2095,1.817,8.004,1.6099999999999999,1.8054999999999999,3.0244999999999997,19.607499999999998,3.2544999999999997,6.060499999999999,7.716499999999999,2.461,9.131,148.32699999999997,8.142,5.727,3.5304999999999995,6.7044999999999995,4.577,4.1514999999999995,2.024,3.2085,4.8759999999999994,3.4154999999999998,13.087,6.7505,4.278,1.8974999999999997,10.660499999999999,2.5645,4.669,4.553999999999999,3.8295,6.095,3.2085,13.397499999999999,11.293,39.088499999999996,3.151,117.98999999999998,20.3435,4.6345,26.783499999999997,3.7834999999999996,1.4144999999999999,19.343,2.6795,4.749499999999999,3.3579999999999997,1.6905,3.8524999999999996,5.600499999999999
2020-11,2.3804999999999996,5.140499999999999,1.8054999999999999,8.51,1.5525,1.8054999999999999,3.0704999999999996,19.0785,3.1624999999999996,6.0835,7.659,2.5645,8.533,148.35,7.900499999999999,5.681,3.404,6.877,4.760999999999999,4.1975,2.139,3.2314999999999996,4.910499999999999,3.5189999999999997,12.834,6.7505,4.5655,1.8399999999999999,10.476499999999998,2.5989999999999998,4.7379999999999995,4.669,3.8295,6.095,3.2659999999999996,13.834499999999998,11.0055,40.905499999999996,3.1739999999999995,116.26499999999999,20.7805,4.5885,25.920999999999996,3.9099999999999997,1.4834999999999998,18.974999999999998,2.576,4.922,3.4154999999999998,1.6789999999999998,4.0595,5.669499999999999
2020-12,2.576,5.1865,1.7594999999999998,8.498499999999998,1.5525,1.8054999999999999,3.151,18.974999999999998,3.2429999999999994,6.060499999999999,7.5095,2.461,8.786,148.09699999999998,7.7509999999999994,5.7844999999999995,3.4959999999999996,6.669999999999999,4.8645000000000005,4.209,1.9894999999999998,3.0014999999999996,4.691999999999999,3.6454999999999997,12.672999999999998,6.693,4.5424999999999995,1.7825,10.809999999999999,2.4955,4.8645000000000005,4.438999999999999,3.8295,6.095,3.2314999999999996,13.4665,11.223999999999998,42.768499999999996,3.1969999999999996,120.06,20.308999999999997,4.531,26.047499999999996,4.002,1.4834999999999998,18.192999999999998,2.4955,4.8415,3.3695,1.702,3.8869999999999996,5.635
2021-01,2.6449999999999996,5.2095,1.7479999999999998,8.418,1.518,1.7939999999999998,3.2085,18.6875,3.2085,6.21,7.6705,2.5875,8.452499999999999,149.39649999999997,7.520999999999999,5.888,3.5994999999999995,6.715999999999999,4.7725,4.186,2.2194999999999996,3.1854999999999998,4.968,3.4844999999999997,13.2825,6.715999999999999,4.3125,1.863,10.832999999999998,2.6334999999999997,5.06,4.1285,3.6454999999999997,6.095,3.1165,13.8805,11.890999999999998,43.30899999999999,3.0934999999999997,127.64999999999999,20.481499999999997,4.646,26.081999999999997,3.7489999999999997,1.472,18.262,2.7715,4.784,3.4269999999999996,1.6674999999999998,3.8985,5.5889999999999995
2021-02,2.6449999999999996,5.1635,1.7825,8.556,1.5525,1.8054999999999999,3.0934999999999997,19.7455,3.3005,6.0835,7.589999999999999,2.691,8.049999999999999,151.0065,7.1185,5.911,3.6224999999999996,6.5895,4.714999999999999,4.162999999999999,2.323,2.8405,5.082999999999999,3.5304999999999995,12.719,6.9345,4.4159999999999995,1.9434999999999998,10.373,2.6679999999999997,5.129,4.3355,3.5879999999999996,6.302,3.2199999999999998,13.2825,11.603499999999999,41.802499999999995,3.2085,135.93,20.538999999999998,4.577,25.7945,3.8524999999999996,1.472,18.2045,2.7255,4.956499999999999,3.3465,1.702,3.8754999999999997,5.772999999999999
2021-03,2.7369999999999997,5.2555,1.817,8.3835,1.4375,1.7939999999999998,3.1739999999999995,17.813499999999998,3.2429999999999994,6.393999999999999,7.452,2.6795,8.8895,151.4665,7.268,5.704,3.7144999999999997,6.5435,4.8759999999999994,4.3355,2.093,3.1854999999999998,5.048499999999999,3.4154999999999998,12.903,6.968999999999999,4.484999999999999,1.9089999999999998,10.649,2.6565,5.0714999999999995,4.1514999999999995,3.565,6.3134999999999994,3.3695,13.202,11.8565,42.15899999999999,3.2659999999999996,143.75,20.665499999999998,4.4965,26.4845,3.933,1.426,17.709999999999997,2.76,4.8645000000000005,3.4844999999999997,1.7134999999999998,3.8869999999999996,5.4395
2021-04,2.6795,5.232499999999999,1.8054999999999999,8.8435,1.4489999999999998,1.7939999999999998,3.0934999999999997,19.630499999999998,3.2775,6.256,7.371499999999999,2.7944999999999998,9.0505,153.97349999999997,7.382999999999999,5.623499999999999,3.726,6.7044999999999995,5.0024999999999995,4.369999999999999,2.0814999999999997,3.1624999999999996,5.0714999999999995,3.565,13.259499999999997,6.968999999999999,4.2435,1.771,10.4305,2.5875,4.9795,4.209,3.5304999999999995,6.324999999999999,3.2085,13.57,11.7645,41.492,3.1854999999999998,146.625,20.631,4.508,27.14,3.9789999999999996,1.5065,18.262,2.8175,5.014,3.4499999999999997,1.8399999999999999,3.9215,5.623499999999999
2021-05,2.6219999999999994,5.335999999999999,1.8054999999999999,9.0735,1.472,1.7939999999999998,3.1854999999999998,20.262999999999998,3.312,6.3595,7.1645,2.8635,8.924,158.2745,8.8205,5.6925,3.8295,6.715999999999999,4.83,4.301,2.323,3.3005,5.3015,3.4385,12.971999999999998,6.991999999999999,4.2665,1.702,10.879,2.7024999999999997,4.991,4.484999999999999,3.5994999999999995,6.336499999999999,3.2889999999999997,13.339999999999998,12.167,44.39,3.2544999999999997,151.225,21.3095,4.531,26.886999999999997,4.093999999999999,1.4605,19.503999999999998,2.944,4.887499999999999,3.4614999999999996,1.8399999999999999,4.0135,5.5889999999999995
2021-06,2.6449999999999996,5.359,1.817,8.958499999999999,1.4144999999999999,1.7939999999999998,3.1739999999999995,20.654,3.2429999999999994,6.4055,7.5095,2.8979999999999997,8.877999999999998,159.35549999999998,8.372,5.8765,3.8295,6.842499999999999,4.8759999999999994,4.3125,2.4034999999999997,3.3349999999999995,5.140499999999999,3.7604999999999995,12.649999999999999,6.9575,4.324,1.7939999999999998,11.258499999999998,2.7369999999999997,5.1865,4.646,3.5189999999999997,6.302,3.3234999999999997,13.9035,12.075,45.769999999999996,3.2314999999999996,153.75499999999997,21.5165,4.6,27.990999999999996,4.105499999999999,1.3915,19.849,2.875,4.910499999999999,3.4499999999999997,1.8744999999999998,3.933,5.623499999999999
2021-07,2.6565,5.5085,1.817,9.1885,1.4605,1.7939999999999998,3.2775,20.677,3.2199999999999998,6.382499999999999,7.635999999999999,3.036,9.2805,160.89649999999997,8.038499999999999,5.761499999999999,4.048,7.037999999999999,4.83,4.301,2.4379999999999997,3.082,5.3475,3.6914999999999996,13.006499999999999,7.0264999999999995,4.0595,1.8054999999999999,11.166500000000001,2.8175,4.922,4.5655,3.6914999999999996,6.336499999999999,3.105,14.052999999999999,12.328,47.598499999999994,3.128,159.16,21.9075,4.749499999999999,29.002999999999997,4.117,1.4605,20.0215,2.944,5.082999999999999,3.4385,1.817,3.9905,5.5889999999999995
2021-08,2.6679999999999997,5.7155,1.863,9.475999999999999,1.472,1.8399999999999999,3.3465,20.929999999999996,3.2429999999999994,6.347999999999999,7.5095,2.7255,9.3495,161.1035,8.210999999999999,5.7385,4.289499999999999,6.946,5.0255,4.4965,2.3804999999999996,3.2659999999999996,5.3935,3.5189999999999997,13.293999999999999,7.037999999999999,4.093999999999999,1.7825,11.258499999999998,2.8059999999999996,5.014,4.462,3.6914999999999996,6.3134999999999994,3.2659999999999996,14.409499999999998,12.270499999999998,45.148999999999994,3.1854999999999998,159.85,22.1145,4.8185,29.129499999999997,4.071,1.4375,20.170999999999996,2.8405,4.9334999999999996,3.3465,2.001,3.9444999999999997,5.704
2021-09,2.6219999999999994,5.635,1.9319999999999997,9.510499999999999,1.5755,1.8399999999999999,3.3349999999999995,22.804499999999997,3.2314999999999996,6.5435,7.371499999999999,2.76,9.545,161.46,7.888999999999999,5.911,4.577,6.739,5.0024999999999995,4.393,2.4265,3.312,5.175,3.5534999999999997,13.638999999999998,7.014999999999999,4.4505,1.8285,11.132,2.6565,5.0255,4.484999999999999,3.7834999999999996,6.3134999999999994,3.2429999999999994,14.283,11.718499999999999,49.473,3.0014999999999996,159.73499999999999,23.0115,4.714999999999999,28.726999999999997,4.0595,1.426,21.343999999999998,2.7944999999999998,5.014,3.5304999999999995,1.9549999999999998,3.9675,5.8765
2021-10,2.6334999999999997,5.3015,1.9089999999999998,9.533499999999998,1.656,1.8399999999999999,3.3925,21.298,3.2659999999999996,6.4399999999999995,7.659,2.6679999999999997,9.786499999999998,162.1385,9.0045,5.991499999999999,4.760999999999999,7.3255,4.968,4.4505,2.1849999999999996,3.2314999999999996,4.8185,3.6799999999999997,14.1565,7.014999999999999,4.646,1.7594999999999998,10.844499999999998,2.461,5.0024999999999995,4.622999999999999,3.8064999999999998,6.347999999999999,3.1969999999999996,14.2945,11.6955,49.8525,3.0589999999999997,167.89999999999998,23.391,4.691999999999999,30.417499999999997,3.9099999999999997,1.4834999999999998,21.4705,2.9555,4.9334999999999996,3.2775,1.8974999999999997,4.0135,6.233
2021-11,2.8175,5.106,1.8399999999999999,9.7405,1.656,1.8399999999999999,3.404,22.378999999999998,3.3234999999999997,6.336499999999999,7.5095,2.7139999999999995,9.406999999999998,161.391,8.165,6.0835,4.669,7.635999999999999,5.1865,4.4505,2.1849999999999996,3.2889999999999997,5.037,3.5994999999999995,14.329,6.9345,4.784,1.863,11.200999999999999,2.6334999999999997,5.2555,4.7379999999999995,3.8409999999999997,6.324999999999999,3.3579999999999997,13.7655,11.3735,51.543,3.0244999999999997,167.67,22.7355,4.703499999999999,29.543499999999998,3.9905,1.4489999999999998,22.0455,2.9094999999999995,4.910499999999999,3.3234999999999997,1.8054999999999999,4.0595,6.095
2021-12,2.8175,5.473999999999999,1.8974999999999997,9.959,1.702,1.8515,3.2659999999999996,20.746,3.4269999999999996,6.302,7.5095,2.7944999999999998,9.0505,161.3105,8.556,5.9225,4.944999999999999,7.6705,5.094499999999999,4.393,2.1505,3.0589999999999997,4.7955,3.6454999999999997,13.869,7.003499999999999,5.048499999999999,1.9204999999999999,11.086,2.5875,5.2095,4.7265,3.8754999999999997,6.347999999999999,3.1969999999999996,14.6625,11.913999999999998,48.644999999999996,3.0244999999999997,161.0,22.608999999999998,4.646,29.831,4.1514999999999995,1.4834999999999998,21.3325,3.036,4.956499999999999,3.2314999999999996,1.9665,3.9905,6.2444999999999995
2022-01,2.7139999999999995,5.531499999999999,1.8974999999999997,9.487499999999999,1.7134999999999998,1.8744999999999998,3.1854999999999998,22.1375,3.3925,6.624,7.4174999999999995,2.8175,9.406999999999998,164.3695,8.165,6.117999999999999,4.8645000000000005,7.359999999999999,5.106,4.4159999999999995,2.2655,3.3349999999999995,5.1979999999999995,3.8869999999999996,14.329,7.014999999999999,4.8415,1.9779999999999998,11.959999999999999,2.7024999999999997,5.3015,4.553999999999999,4.0249999999999995,6.324999999999999,3.0704999999999996,14.145,11.8565,50.35849999999999,2.9669999999999996,168.58999999999997,23.034499999999998,4.956499999999999,30.0035,4.174499999999999,1.541,21.769499999999997,3.1624999999999996,5.1175,3.1624999999999996,1.7479999999999998,3.9905,6.336499999999999
2022-02,2.7944999999999998,5.485499999999999,1.9779999999999998,9.8325,1.7365,1.8744999999999998,3.3234999999999997,22.4595,3.4499999999999997,6.520499999999999,7.359999999999999,2.8289999999999997,9.245999999999999,165.3815,8.165,6.4515,5.1175,7.337,5.2095,4.4505,2.254,3.0934999999999997,5.3475,3.9444999999999997,14.397999999999998,7.5095,4.7955,2.0124999999999997,11.982999999999999,2.7255,5.2669999999999995,4.7379999999999995,3.7719999999999994,6.785,3.3234999999999997,14.397999999999998,11.879499999999998,49.63399999999999,3.1854999999999998,180.32,22.758499999999998,4.956499999999999,30.348499999999998,4.2204999999999995,1.472,21.3785,3.0704999999999996,5.1635,3.381,1.863,4.0135,6.417
